year,month,day,flow
2005,10,1,0.99967007
2005,10,2,1.01009841
2005,10,3,1.01009841
2005,10,4,1.02052674
2005,10,5,1.03095508
2005,10,6,1.02052674
2005,10,7,66.0203446
2005,10,8,298.050819
2005,10,9,10.187034
2005,10,10,3.33561732
2005,10,11,2.39706709
2005,10,12,2.14678702
2005,10,13,3.86746245
2005,10,14,3.03319558
2005,10,15,2.12593035
2005,10,16,2.13635869
2005,10,17,2.35535374
2005,10,18,2.40749542
2005,10,19,2.40749542
2005,10,20,2.40749542
2005,10,21,5.21271779
2005,10,22,17.8414326
2005,10,23,4.80601269
2005,10,24,4.04474416
2005,10,25,25.0369844
2005,10,26,6.35983474
2005,10,27,2.96019723
2005,10,28,2.32406873
2005,10,29,2.11550202
2005,10,30,2.17807203
2005,10,31,2.01121866
2005,11,1,1.85479362
2005,11,2,2.01121866
2005,11,3,2.10507368
2005,11,4,2.06336034
2005,11,5,1.94864864
2005,11,6,2.06336034
2005,11,7,1.87565029
2005,11,8,1.77136693
2005,11,9,1.71922525
2005,11,10,1.87565029
2005,11,11,1.92779197
2005,11,12,1.91736363
2005,11,13,1.81308027
2005,11,14,1.76093859
2005,11,15,1.62537023
2005,11,16,12.3144146
2005,11,17,4.79558435
2005,11,18,2.01121866
2005,11,19,1.86522195
2005,11,20,1.77136693
2005,11,21,9.57176221
2005,11,22,15.8600488
2005,11,23,3.31476065
2005,11,24,2.89762721
2005,11,25,2.54306379
2005,11,26,2.56392046
2005,11,27,2.56392046
2005,11,28,2.66820382
2005,11,29,5.82798961
2005,11,30,8.08051017
2005,12,1,2.79334385
2005,12,2,2.59520547
2005,12,3,2.56392046
2005,12,4,6.70396983
2005,12,5,3.25219063
2005,12,6,3.98217415
2005,12,7,3.05405225
2005,12,8,2.97062556
2005,12,9,9.22762712
2005,12,10,2.87677054
2005,12,11,2.7203455
2005,12,12,2.66820382
2005,12,13,2.41792376
2005,12,14,2.26149872
2005,12,15,8.34121857
2005,12,16,34.0053533
2005,12,17,5.42128451
2005,12,18,3.9091758
2005,12,19,3.42947234
2005,12,20,3.06448059
2005,12,21,2.80377219
2005,12,22,2.63691881
2005,12,23,2.56392046
2005,12,24,2.56392046
2005,12,25,13.2529648
2005,12,26,5.85927462
2005,12,27,3.41904401
2005,12,28,3.05405225
2005,12,29,5.22314612
2005,12,30,3.47118569
2005,12,31,2.79334385
2006,1,1,2.7203455
2006,1,2,9.9471823
2006,1,3,13.8786649
2006,1,4,4.23245421
2006,1,5,3.6484674
2006,1,6,3.17919228
2006,1,7,2.88719887
2006,1,8,2.8350572
2006,1,9,2.7203455
2006,1,10,2.7203455
2006,1,11,6.69354149
2006,1,12,4.0551725
2006,1,13,3.06448059
2006,1,14,13.4615315
2006,1,15,3.81532077
2006,1,16,3.32518898
2006,1,17,3.20004895
2006,1,18,26.4969514
2006,1,19,5.77584793
2006,1,20,4.56616096
2006,1,21,4.16988419
2006,1,22,3.73189409
2006,1,23,22.9513172
2006,1,24,5.32742948
2006,1,25,4.6078743
2006,1,26,3.387759
2006,1,27,3.14790727
2006,1,28,3.05405225
2006,1,29,3.88831912
2006,1,30,3.25219063
2006,1,31,4.4618776
2006,2,1,2.94976889
2006,2,2,2.74120217
2006,2,3,14.9214985
2006,2,4,23.9941508
2006,2,5,9.84289894
2006,2,6,4.15945586
2006,2,7,3.51289903
2006,2,8,3.15833561
2006,2,9,2.96019723
2006,2,10,2.88719887
2006,2,11,3.21047729
2006,2,12,4.37845091
2006,2,13,4.02388749
2006,2,14,3.37733066
2006,2,15,6.37026308
2006,2,16,10.0097523
2006,2,17,8.52892861
2006,2,18,4.07602917
2006,2,19,3.43990068
2006,2,20,3.05405225
2006,2,21,2.97062556
2006,2,22,2.88719887
2006,2,23,2.80377219
2006,2,24,2.7203455
2006,2,25,2.7203455
2006,2,26,2.7203455
2006,2,27,2.7203455
2006,2,28,2.64734715
2006,3,1,2.56392046
2006,3,2,3.51289903
2006,3,3,2.82462886
2006,3,4,2.7203455
2006,3,5,2.7203455
2006,3,6,2.7203455
2006,3,7,2.7203455
2006,3,8,2.5743488
2006,3,9,2.52220712
2006,3,10,2.40749542
2006,3,11,2.40749542
2006,3,12,2.40749542
2006,3,13,2.40749542
2006,3,14,2.54306379
2006,3,15,2.40749542
2006,3,16,2.40749542
2006,3,17,2.40749542
2006,3,18,2.40749542
2006,3,19,2.26149872
2006,3,20,2.26149872
2006,3,21,2.26149872
2006,3,22,2.26149872
2006,3,23,2.26149872
2006,3,24,2.1989287
2006,3,25,2.15721536
2006,3,26,2.12593035
2006,3,27,2.12593035
2006,3,28,2.20935704
2006,3,29,2.12593035
2006,3,30,2.12593035
2006,3,31,2.12593035
2006,4,1,2.17807203
2006,4,2,2.14678702
2006,4,3,10.4477424
2006,4,4,4.79558435
2006,4,5,2.56392046
2006,4,6,2.33449707
2006,4,7,3.02276724
2006,4,8,20.6570833
2006,4,9,3.59632572
2006,4,10,2.54306379
2006,4,11,2.40749542
2006,4,12,2.40749542
2006,4,13,2.30321206
2006,4,14,2.17807203
2006,4,15,2.12593035
2006,4,16,2.12593035
2006,4,17,2.12593035
2006,4,18,2.12593035
2006,4,19,2.12593035
2006,4,20,2.12593035
2006,4,21,2.67863216
2006,4,22,36.2995872
2006,4,23,12.1058478
2006,4,24,4.2011692
2006,4,25,3.14790727
2006,4,26,3.58589738
2006,4,27,2.76205884
2006,4,28,2.7203455
2006,4,29,2.51177878
2006,4,30,2.36578208
2006,5,1,2.26149872
2006,5,2,2.26149872
2006,5,3,2.26149872
2006,5,4,2.17807203
2006,5,5,2.02164699
2006,5,6,1.87565029
2006,5,7,1.85479362
2006,5,8,2.08421701
2006,5,9,1.89650696
2006,5,10,1.78179527
2006,5,11,25.2455511
2006,5,12,8.66449698
2006,5,13,3.28347564
2006,5,14,2.53263545
2006,5,15,12.9401147
2006,5,16,3.50247069
2006,5,17,2.7203455
2006,5,18,4.36802258
2006,5,19,3.20004895
2006,5,20,2.43878043
2006,5,21,2.40749542
2006,5,22,2.40749542
2006,5,23,2.40749542
2006,5,24,2.40749542
2006,5,25,2.40749542
2006,5,26,2.28235539
2006,5,27,2.26149872
2006,5,28,2.14678702
2006,5,29,2.12593035
2006,5,30,2.12593035
2006,5,31,2.12593035
2006,6,1,4.59744597
2006,6,2,9.83247061
2006,6,3,13.9829483
2006,6,4,2.25107038
2006,6,5,1.80265194
2006,6,6,1.63579856
2006,6,7,1.56280021
2006,6,8,4.24288255
2006,6,9,2.96019723
2006,6,10,1.83393695
2006,6,11,1.56280021
2006,6,12,2.89762721
2006,6,13,1.57322855
2006,6,14,2.26149872
2006,6,15,2.17807203
2006,6,16,1.30209181
2006,6,17,1.19780845
2006,6,18,1.29166348
2006,6,19,2.78291552
2006,6,20,5.41085617
2006,6,21,1.5002302
2006,6,22,1.59408522
2006,6,23,11.8972811
2006,6,24,13.3572482
2006,6,25,129.111777
2006,6,26,100.225286
2006,6,27,17.1114491
2006,6,28,14.5043651
2006,6,29,3.78403576
2006,6,30,2.91848388
2006,7,1,2.58477713
2006,7,2,2.41792376
2006,7,3,2.78291552
2006,7,4,2.73077384
2006,7,5,5.64027956
2006,7,6,14.2957984
2006,7,7,2.76205884
2006,7,8,2.40749542
2006,7,9,2.40749542
2006,7,10,2.28235539
2006,7,11,2.1989287
2006,7,12,2.12593035
2006,7,13,2.06336034
2006,7,14,1.96950531
2006,7,15,1.96950531
2006,7,16,1.95907698
2006,7,17,1.94864864
2006,7,18,2.41792376
2006,7,19,2.64734715
2006,7,20,1.87565029
2006,7,21,1.85479362
2006,7,22,15.1300653
2006,7,23,3.07490892
2006,7,24,1.96950531
2006,7,25,1.87565029
2006,7,26,1.87565029
2006,7,27,1.74008192
2006,7,28,2.50135045
2006,7,29,1.78179527
2006,7,30,1.67751191
2006,7,31,1.6462269
2006,8,1,1.66708357
2006,8,2,1.66708357
2006,8,3,1.67751191
2006,8,4,1.80265194
2006,8,5,1.84436528
2006,8,6,1.85479362
2006,8,7,5.97398631
2006,8,8,2.32406873
2006,8,9,1.5315152
2006,8,10,1.46894519
2006,8,11,1.5002302
2006,8,12,1.46894519
2006,8,13,1.39594684
2006,8,14,1.43766018
2006,8,15,1.5002302
2006,8,16,2.02164699
2006,8,17,1.74008192
2006,8,18,1.39594684
2006,8,19,1.39594684
2006,8,20,1.45851685
2006,8,21,1.46894519
2006,8,22,1.5002302
2006,8,23,1.39594684
2006,8,24,1.41680351
2006,8,25,1.44808852
2006,8,26,1.52108687
2006,8,27,1.92779197
2006,8,28,1.85479362
2006,8,29,1.77136693
2006,8,30,1.77136693
2006,8,31,1.86522195
2006,9,1,9.59261888
2006,9,2,15.9643321
2006,9,3,2.09464534
2006,9,4,1.68794024
2006,9,5,15.9643321
2006,9,6,2.28235539
2006,9,7,1.84436528
2006,9,8,1.66708357
2006,9,9,1.66708357
2006,9,10,1.66708357
2006,9,11,2.35535374
2006,9,12,1.69836858
2006,9,13,1.58365688
2006,9,14,13.2529648
2006,9,15,3.10619393
2006,9,16,2.13635869
2006,9,17,1.86522195
2006,9,18,1.77136693
2006,9,19,1.71922525
2006,9,20,1.67751191
2006,9,21,1.75051026
2006,9,22,1.71922525
2006,9,23,1.70879691
2006,9,24,11.584431
2006,9,25,1.94864864
2006,9,26,1.39594684
2006,9,27,1.33337682
2006,9,28,8.60192697
2006,9,29,3.9404608
2006,9,30,1.5002302
2006,10,1,1.48980186
2006,10,2,1.32294849
2006,10,3,1.31252015
2006,10,4,1.63579856
2006,10,5,2.21978538
2006,10,6,15.9643321
2006,10,7,7.11067493
2006,10,8,2.32406873
2006,10,9,1.87565029
2006,10,10,1.87565029
2006,10,11,1.83393695
2006,10,12,2.04250366
2006,10,13,2.26149872
2006,10,14,2.1989287
2006,10,15,1.92779197
2006,10,16,1.74008192
2006,10,17,19.0928329
2006,10,18,3.75275076
2006,10,19,2.66820382
2006,10,20,11.240296
2006,10,21,2.56392046
2006,10,22,2.20935704
2006,10,23,2.17807203
2006,10,24,2.052932
2006,10,25,2.08421701
2006,10,26,2.01121866
2006,10,27,6.9855349
2006,10,28,41.5137552
2006,10,29,4.02388749
2006,10,30,3.01233891
2006,10,31,2.76205884
2006,11,1,2.6056338
2006,11,2,6.62054314
2006,11,3,2.66820382
2006,11,4,2.56392046
2006,11,5,2.56392046
2006,11,6,2.56392046
2006,11,7,2.64734715
2006,11,8,55.8005754
2006,11,9,4.74344267
2006,11,10,3.21047729
2006,11,11,2.77248718
2006,11,12,13.2529648
2006,11,13,4.64958765
2006,11,14,3.03319558
2006,11,15,2.80377219
2006,11,16,131.197444
2006,11,17,10.1453207
2006,11,18,4.6078743
2006,11,19,3.56504071
2006,11,20,3.14790727
2006,11,21,2.91848388
2006,11,22,12.731548
2006,11,23,17.1114491
2006,11,24,4.70172933
2006,11,25,3.62761073
2006,11,26,3.2730473
2006,11,27,2.96019723
2006,11,28,2.88719887
2006,11,29,2.76205884
2006,11,30,2.80377219
2006,12,1,3.48161402
2006,12,2,3.40861567
2006,12,3,2.88719887
2006,12,4,2.88719887
2006,12,5,2.77248718
2006,12,6,2.7203455
2006,12,7,2.7203455
2006,12,8,2.62649048
2006,12,9,2.56392046
2006,12,10,2.56392046
2006,12,11,2.56392046
2006,12,12,2.56392046
2006,12,13,3.18962062
2006,12,14,2.54306379
2006,12,15,2.53263545
2006,12,16,2.56392046
2006,12,17,2.89762721
2006,12,18,2.47006544
2006,12,19,2.40749542
2006,12,20,2.40749542
2006,12,21,2.40749542
2006,12,22,15.338632
2006,12,23,20.1356665
2006,12,24,3.88831912
2006,12,25,12.6272646
2006,12,26,7.80937343
2006,12,27,3.67975241
2006,12,28,3.2730473
2006,12,29,3.10619393
2006,12,30,3.05405225
2006,12,31,3.06448059
2007,1,1,35.5696037
2007,1,2,5.13971944
2007,1,3,3.56504071
2007,1,4,3.2730473
2007,1,5,6.06784133
2007,1,6,4.96243773
2007,1,7,8.25779188
2007,1,8,26.6012348
2007,1,9,5.3899995
2007,1,10,3.93003247
2007,1,11,3.46075735
2007,1,12,3.2730473
2007,1,13,3.2730473
2007,1,14,3.05405225
2007,1,15,3.05405225
2007,1,16,3.05405225
2007,1,17,2.8663422
2007,1,18,2.7203455
2007,1,19,2.81420052
2007,1,20,2.88719887
2007,1,21,2.88719887
2007,1,22,3.01233891
2007,1,23,3.09576559
2007,1,24,3.05405225
2007,1,25,3.05405225
2007,1,26,3.05405225
2007,1,27,3.05405225
2007,1,28,3.05405225
2007,1,29,3.05405225
2007,1,30,3.05405225
2007,1,31,3.08533726
2007,2,1,3.46075735
2007,2,2,3.10619393
2007,2,3,3.11662227
2007,2,4,2.49092211
2007,2,5,2.56392046
2007,2,6,2.56392046
2007,2,7,2.61606214
2007,2,8,2.7203455
2007,2,9,2.7203455
2007,2,10,2.7203455
2007,2,11,2.7203455
2007,2,12,2.65777548
2007,2,13,2.89762721
2007,2,14,3.25219063
2007,2,15,3.14790727
2007,2,16,2.93934055
2007,2,17,2.94976889
2007,2,18,2.73077384
2007,2,19,2.7203455
2007,2,20,2.96019723
2007,2,21,13.6700982
2007,2,22,12.8358314
2007,2,23,5.74456292
2007,2,24,3.91960413
2007,2,25,4.67044432
2007,2,26,13.1486814
2007,2,27,11.7929978
2007,2,28,6.69354149
2007,3,1,7.61123505
2007,3,2,55.8005754
2007,3,3,6.4641181
2007,3,4,4.62873098
2007,3,5,3.77360743
2007,3,6,3.40861567
2007,3,7,3.54418404
2007,3,8,3.63803906
2007,3,9,3.13747894
2007,3,10,3.30433231
2007,3,11,5.49428286
2007,3,12,3.40861567
2007,3,13,3.2730473
2007,3,14,3.13747894
2007,3,15,4.68087266
2007,3,16,67.4803116
2007,3,17,13.3572482
2007,3,18,7.61123505
2007,3,19,5.33785782
2007,3,20,4.56616096
2007,3,21,3.99260248
2007,3,22,3.85703412
2007,3,23,6.80825319
2007,3,24,11.7929978
2007,3,25,4.78515601
2007,3,26,3.84660578
2007,3,27,3.58589738
2007,3,28,3.50247069
2007,3,29,3.50247069
2007,3,30,3.39818734
2007,3,31,3.2730473
2007,4,1,3.2730473
2007,4,2,3.39818734
2007,4,3,3.1270506
2007,4,4,3.20004895
2007,4,5,2.96019723
2007,4,6,2.88719887
2007,4,7,2.88719887
2007,4,8,2.88719887
2007,4,9,2.88719887
2007,4,10,2.88719887
2007,4,11,2.91848388
2007,4,12,13.3572482
2007,4,13,3.23133396
2007,4,14,3.05405225
2007,4,15,90.6312174
2007,4,16,8.94606205
2007,4,17,4.80601269
2007,4,18,3.77360743
2007,4,19,3.32518898
2007,4,20,3.2730473
2007,4,21,3.2730473
2007,4,22,3.2730473
2007,4,23,3.2730473
2007,4,24,3.2730473
2007,4,25,3.2730473
2007,4,26,3.07490892
2007,4,27,5.51513953
2007,4,28,2.89762721
2007,4,29,2.63691881
2007,4,30,2.56392046
2007,5,1,2.56392046
2007,5,2,2.56392046
2007,5,3,2.39706709
2007,5,4,2.34492541
2007,5,5,2.40749542
2007,5,6,2.40749542
2007,5,7,2.40749542
2007,5,8,2.40749542
2007,5,9,2.40749542
2007,5,10,2.40749542
2007,5,11,2.40749542
2007,5,12,3.1270506
2007,5,13,3.29390398
2007,5,14,2.3136404
2007,5,15,2.26149872
2007,5,16,9.60304721
2007,5,17,3.07490892
2007,5,18,2.29278373
2007,5,19,2.12593035
2007,5,20,2.23021371
2007,5,21,2.26149872
2007,5,22,2.17807203
2007,5,23,2.12593035
2007,5,24,2.12593035
2007,5,25,2.12593035
2007,5,26,2.13635869
2007,5,27,2.11550202
2007,5,28,2.23021371
2007,5,29,2.12593035
2007,5,30,2.12593035
2007,5,31,2.12593035
2007,6,1,2.12593035
2007,6,2,2.27192705
2007,6,3,6.37026308
2007,6,4,2.8350572
2007,6,5,1.87565029
2007,6,6,2.01121866
2007,6,7,1.77136693
2007,6,8,1.67751191
2007,6,9,1.66708357
2007,6,10,1.93822031
2007,6,11,1.67751191
2007,6,12,2.07378867
2007,6,13,16.4857489
2007,6,14,3.98217415
2007,6,15,2.1676437
2007,6,16,1.76093859
2007,6,17,1.66708357
2007,6,18,1.66708357
2007,6,19,1.68794024
2007,6,20,1.65665523
2007,6,21,2.24064205
2007,6,22,1.85479362
2007,6,23,1.56280021
2007,6,24,1.56280021
2007,6,25,2.08421701
2007,6,26,1.92779197
2007,6,27,1.43766018
2007,6,28,1.54194354
2007,6,29,4.28459589
2007,6,30,1.65665523
2007,7,1,1.40637517
2007,7,2,1.31252015
2007,7,3,1.34380516
2007,7,4,12.1058478
2007,7,5,4.2011692
2007,7,6,1.81308027
2007,7,7,1.57322855
2007,7,8,1.47937352
2007,7,9,1.34380516
2007,7,10,1.41680351
2007,7,11,1.29166348
2007,7,12,1.29166348
2007,7,13,1.24995013
2007,7,14,1.57322855
2007,7,15,1.30209181
2007,7,16,1.19780845
2007,7,17,1.19780845
2007,7,18,1.19780845
2007,7,19,1.44808852
2007,7,20,1.26037847
2007,7,21,1.19780845
2007,7,22,1.19780845
2007,7,23,1.19780845
2007,7,24,1.19780845
2007,7,25,1.19780845
2007,7,26,1.18738012
2007,7,27,1.17695178
2007,7,28,1.21866513
2007,7,29,1.77136693
2007,7,30,1.21866513
2007,7,31,1.18738012
2007,8,1,1.14566677
2007,8,2,1.1248101
2007,8,3,1.1248101
2007,8,4,1.1248101
2007,8,5,1.1248101
2007,8,6,1.81308027
2007,8,7,1.1248101
2007,8,8,1.1248101
2007,8,9,17.8414326
2007,8,10,2.75163051
2007,8,11,1.19780845
2007,8,12,1.18738012
2007,8,13,1.15609511
2007,8,14,1.15609511
2007,8,15,1.15609511
2007,8,16,1.77136693
2007,8,17,1.15609511
2007,8,18,1.09352509
2007,8,19,1.17695178
2007,8,20,7.28795664
2007,8,21,8.42464525
2007,8,22,1.41680351
2007,8,23,1.19780845
2007,8,24,1.19780845
2007,8,25,1.19780845
2007,8,26,1.2395218
2007,8,27,1.24995013
2007,8,28,1.16652345
2007,8,29,1.15609511
2007,8,30,1.15609511
2007,8,31,1.15609511
2007,9,1,1.13523844
2007,9,2,1.1248101
2007,9,3,1.1248101
2007,9,4,1.1248101
2007,9,5,1.1248101
2007,9,6,1.10395343
2007,9,7,1.09352509
2007,9,8,1.09352509
2007,9,9,1.09352509
2007,9,10,1.11438177
2007,9,11,2.56392046
2007,9,12,1.2395218
2007,9,13,1.28123514
2007,9,14,1.10395343
2007,9,15,1.47937352
2007,9,16,1.09352509
2007,9,17,1.09352509
2007,9,18,1.09352509
2007,9,19,1.09352509
2007,9,20,1.09352509
2007,9,21,1.14566677
2007,9,22,1.17695178
2007,9,23,1.30209181
2007,9,24,1.16652345
2007,9,25,1.09352509
2007,9,26,1.09352509
2007,9,27,1.10395343
2007,9,28,2.08421701
2007,9,29,1.09352509
2007,9,30,1.04138341
2007,10,1,1.02052674
2007,10,2,1.02052674
2007,10,3,1.01009841
2007,10,4,0.99967007
2007,10,5,0.98924174
2007,10,6,0.98924174
2007,10,7,0.98924174
2007,10,8,0.98924174
2007,10,9,1.02052674
2007,10,10,1.75051026
2007,10,11,2.03207533
2007,10,12,1.47937352
2007,10,13,1.05181175
2007,10,14,1.03095508
2007,10,15,1.03095508
2007,10,16,2.07378867
2007,10,17,1.1248101
2007,10,18,1.22909346
2007,10,19,3.56504071
2007,10,20,2.52220712
2007,10,21,1.06224009
2007,10,22,1.04138341
2007,10,23,1.03095508
2007,10,24,5.5359962
2007,10,25,9.67604557
2007,10,26,19.7185331
2007,10,27,35.673887
2007,10,28,2.79334385
2007,10,29,2.27192705
2007,10,30,1.5002302
2007,10,31,1.39594684
2007,11,1,1.43766018
2007,11,2,1.40637517
2007,11,3,1.3855185
2007,11,4,1.31252015
2007,11,5,1.36466183
2007,11,6,1.84436528
2007,11,7,1.58365688
2007,11,8,1.52108687
2007,11,9,1.5315152
2007,11,10,3.99260248
2007,11,11,2.47006544
2007,11,12,5.17100444
2007,11,13,5.70284958
2007,11,14,1.84436528
2007,11,15,9.95761064
2007,11,16,2.11550202
2007,11,17,1.75051026
2007,11,18,1.6462269
2007,11,19,2.70991716
2007,11,20,2.69948883
2007,11,21,1.35423349
2007,11,22,1.36466183
2007,11,23,1.27080681
2007,11,24,1.20823679
2007,11,25,1.17695178
2007,11,26,4.03431583
2007,11,27,3.26261897
2007,11,28,1.56280021
2007,11,29,1.56280021
2007,11,30,1.56280021
2007,12,1,1.56280021
2007,12,2,4.92072438
2007,12,3,13.2529648
2007,12,4,1.87565029
2007,12,5,1.77136693
2007,12,6,2.24064205
2007,12,7,1.92779197
2007,12,8,7.15238827
2007,12,9,3.42947234
2007,12,10,7.06896158
2007,12,11,3.26261897
2007,12,12,2.14678702
2007,12,13,2.09464534
2007,12,14,2.43878043
2007,12,15,1.92779197
2007,12,16,32.1282528
2007,12,17,3.22090562
2007,12,18,1.97993365
2007,12,19,2.08421701
2007,12,20,1.65665523
2007,12,21,1.51065853
2007,12,22,1.44808852
2007,12,23,7.23581496
2007,12,24,3.32518898
2007,12,25,1.72965359
2007,12,26,2.96019723
2007,12,27,2.5743488
2007,12,28,3.48161402
2007,12,29,10.4477424
2007,12,30,2.81420052
2007,12,31,9.09205875
2008,1,1,2.23021371
2008,1,2,1.84436528
2008,1,3,1.71922525
2008,1,4,1.66708357
2008,1,5,1.66708357
2008,1,6,2.69948883
2008,1,7,1.85479362
2008,1,8,1.66708357
2008,1,9,2.81420052
2008,1,10,1.77136693
2008,1,11,4.18031253
2008,1,12,2.15721536
2008,1,13,1.67751191
2008,1,14,1.67751191
2008,1,15,1.65665523
2008,1,16,1.56280021
2008,1,17,2.43878043
2008,1,18,11.4801477
2008,1,19,4.01345916
2008,1,20,2.56392046
2008,1,21,2.02164699
2008,1,22,1.82350861
2008,1,23,1.74008192
2008,1,24,1.66708357
2008,1,25,1.5002302
2008,1,26,1.43766018
2008,1,27,1.39594684
2008,1,28,1.32294849
2008,1,29,1.35423349
2008,1,30,3.74232242
2008,1,31,1.82350861
2008,2,1,102.415237
2008,2,2,9.8011856
2008,2,3,3.91960413
2008,2,4,2.92891222
2008,2,5,2.69948883
2008,2,6,2.54306379
2008,2,7,2.52220712
2008,2,8,2.28235539
2008,2,9,2.24064205
2008,2,10,2.15721536
2008,2,11,2.12593035
2008,2,12,2.23021371
2008,2,13,48.1878902
2008,2,14,5.93227297
2008,2,15,3.40861567
2008,2,16,2.85591387
2008,2,17,2.61606214
2008,2,18,3.62761073
2008,2,19,2.6056338
2008,2,20,2.56392046
2008,2,21,2.48049377
2008,2,22,3.46075735
2008,2,23,3.10619393
2008,2,24,2.51177878
2008,2,25,2.40749542
2008,2,26,5.61942289
2008,2,27,3.34604566
2008,2,28,2.39706709
2008,2,29,2.18850037
2008,3,1,2.21978538
2008,3,2,2.26149872
2008,3,3,2.3136404
2008,3,4,3.08533726
2008,3,5,13.3572482
2008,3,6,2.9810539
2008,3,7,8.34121857
2008,3,8,8.69578199
2008,3,9,3.57546905
2008,3,10,2.94976889
2008,3,11,2.88719887
2008,3,12,2.79334385
2008,3,13,2.63691881
2008,3,14,2.56392046
2008,3,15,2.56392046
2008,3,16,7.32966998
2008,3,17,2.79334385
2008,3,18,2.7203455
2008,3,19,13.7743816
2008,3,20,9.12334376
2008,3,21,2.76205884
2008,3,22,2.56392046
2008,3,23,2.39706709
2008,3,24,2.26149872
2008,3,25,2.34492541
2008,3,26,2.26149872
2008,3,27,2.26149872
2008,3,28,2.1989287
2008,3,29,2.052932
2008,3,30,1.99036198
2008,3,31,2.04250366
2008,4,1,3.45032902
2008,4,2,2.20935704
2008,4,3,6.22426637
2008,4,4,10.2287474
2008,4,5,2.66820382
2008,4,6,5.67156457
2008,4,7,2.50135045
2008,4,8,2.25107038
2008,4,9,2.15721536
2008,4,10,2.12593035
2008,4,11,2.90805555
2008,4,12,4.84772603
2008,4,13,2.24064205
2008,4,14,2.06336034
2008,4,15,1.99036198
2008,4,16,1.99036198
2008,4,17,1.99036198
2008,4,18,1.99036198
2008,4,19,1.99036198
2008,4,20,20.1356665
2008,4,21,14.5043651
2008,4,22,2.88719887
2008,4,23,2.11550202
2008,4,24,1.89650696
2008,4,25,1.81308027
2008,4,26,2.94976889
2008,4,27,7.85108678
2008,4,28,29.9383023
2008,4,29,4.96243773
2008,4,30,2.34492541
2008,5,1,1.95907698
2008,5,2,1.61494189
2008,5,3,1.48980186
2008,5,4,1.46894519
2008,5,5,1.41680351
2008,5,6,1.33337682
2008,5,7,1.31252015
2008,5,8,1.31252015
2008,5,9,19.9270998
2008,5,10,7.93451347
2008,5,11,23.472734
2008,5,12,88.0241334
2008,5,13,8.95649039
2008,5,14,4.48273427
2008,5,15,3.48161402
2008,5,16,10.1140357
2008,5,17,3.7944641
2008,5,18,4.10731418
2008,5,19,3.11662227
2008,5,20,12.3144146
2008,5,21,4.66001598
2008,5,22,3.47118569
2008,5,23,2.90805555
2008,5,24,2.78291552
2008,5,25,2.7203455
2008,5,26,2.69948883
2008,5,27,4.35759424
2008,5,28,4.25331088
2008,5,29,2.11550202
2008,5,30,1.99036198
2008,5,31,8.03879683
2008,6,1,2.63691881
2008,6,2,2.13635869
2008,6,3,3.61718239
2008,6,4,15.338632
2008,6,5,3.81532077
2008,6,6,2.54306379
2008,6,7,2.40749542
2008,6,8,2.40749542
2008,6,9,2.39706709
2008,6,10,2.84548553
2008,6,11,2.35535374
2008,6,12,2.12593035
2008,6,13,2.12593035
2008,6,14,2.12593035
2008,6,15,2.24064205
2008,6,16,3.9404608
2008,6,17,2.36578208
2008,6,18,1.96950531
2008,6,19,1.87565029
2008,6,20,1.87565029
2008,6,21,1.87565029
2008,6,22,1.87565029
2008,6,23,1.82350861
2008,6,24,1.88607863
2008,6,25,1.80265194
2008,6,26,1.77136693
2008,6,27,3.29390398
2008,6,28,3.6484674
2008,6,29,3.31476065
2008,6,30,2.28235539
2008,7,1,1.85479362
2008,7,2,1.67751191
2008,7,3,1.61494189
2008,7,4,1.80265194
2008,7,5,1.9069353
2008,7,6,1.55237188
2008,7,7,1.5002302
2008,7,8,1.44808852
2008,7,9,4.38887925
2008,7,10,2.34492541
2008,7,11,1.56280021
2008,7,12,1.44808852
2008,7,13,4.71215766
2008,7,14,9.55090554
2008,7,15,1.62537023
2008,7,16,1.46894519
2008,7,17,1.39594684
2008,7,18,1.36466183
2008,7,19,1.35423349
2008,7,20,1.35423349
2008,7,21,1.31252015
2008,7,22,1.31252015
2008,7,23,6.51625978
2008,7,24,6.84996653
2008,7,25,1.46894519
2008,7,26,1.36466183
2008,7,27,1.65665523
2008,7,28,1.63579856
2008,7,29,1.31252015
2008,7,30,3.03319558
2008,7,31,1.63579856
2008,8,1,1.29166348
2008,8,2,1.69836858
2008,8,3,1.46894519
2008,8,4,1.19780845
2008,8,5,1.18738012
2008,8,6,1.2395218
2008,8,7,1.20823679
2008,8,8,1.33337682
2008,8,9,1.19780845
2008,8,10,1.19780845
2008,8,11,1.19780845
2008,8,12,1.18738012
2008,8,13,1.18738012
2008,8,14,1.19780845
2008,8,15,1.21866513
2008,8,16,1.19780845
2008,8,17,1.19780845
2008,8,18,1.19780845
2008,8,19,1.17695178
2008,8,20,1.15609511
2008,8,21,1.22909346
2008,8,22,1.19780845
2008,8,23,1.19780845
2008,8,24,1.19780845
2008,8,25,1.19780845
2008,8,26,1.19780845
2008,8,27,1.19780845
2008,8,28,1.9069353
2008,8,29,14.191515
2008,8,30,3.32518898
2008,8,31,1.63579856
2008,9,1,1.24995013
2008,9,2,1.19780845
2008,9,3,1.22909346
2008,9,4,1.24995013
2008,9,5,1.20823679
2008,9,6,25.8712513
2008,9,7,2.00079032
2008,9,8,1.13523844
2008,9,9,1.34380516
2008,9,10,1.57322855
2008,9,11,1.1248101
2008,9,12,18.3628494
2008,9,13,6.58925813
2008,9,14,1.34380516
2008,9,15,1.16652345
2008,9,16,1.18738012
2008,9,17,1.17695178
2008,9,18,1.15609511
2008,9,19,1.15609511
2008,9,20,1.15609511
2008,9,21,1.14566677
2008,9,22,1.1248101
2008,9,23,1.1248101
2008,9,24,1.10395343
2008,9,25,2.52220712
2008,9,26,4.68087266
2008,9,27,95.3239686
2008,9,28,6.57882979
2008,9,29,2.18850037
2008,9,30,21.4913502
2008,10,1,4.64958765
2008,10,2,1.86522195
2008,10,3,1.56280021
2008,10,4,1.52108687
2008,10,5,1.43766018
2008,10,6,1.3855185
2008,10,7,1.3855185
2008,10,8,1.3855185
2008,10,9,1.35423349
2008,10,10,1.36466183
2008,10,11,1.36466183
2008,10,12,1.30209181
2008,10,13,1.30209181
2008,10,14,1.31252015
2008,10,15,1.24995013
2008,10,16,1.22909346
2008,10,17,1.20823679
2008,10,18,1.19780845
2008,10,19,1.18738012
2008,10,20,1.22909346
2008,10,21,1.22909346
2008,10,22,1.20823679
2008,10,23,1.19780845
2008,10,24,1.19780845
2008,10,25,21.5956335
2008,10,26,3.2730473
2008,10,27,2.03207533
2008,10,28,6.59968647
2008,10,29,2.18850037
2008,10,30,1.86522195
2008,10,31,1.76093859
2008,11,1,1.82350861
2008,11,2,2.9810539
2008,11,3,1.89650696
2008,11,4,1.76093859
2008,11,5,1.70879691
2008,11,6,2.23021371
2008,11,7,1.56280021
2008,11,8,1.5002302
2008,11,9,1.51065853
2008,11,10,1.5002302
2008,11,11,1.51065853
2008,11,12,1.47937352
2008,11,13,11.4801477
2008,11,14,2.70991716
2008,11,15,13.2529648
2008,11,16,3.13747894
2008,11,17,2.13635869
2008,11,18,2.03207533
2008,11,19,1.94864864
2008,11,20,1.88607863
2008,11,21,1.84436528
2008,11,22,1.76093859
2008,11,23,1.76093859
2008,11,24,1.83393695
2008,11,25,3.33561732
2008,11,26,1.94864864
2008,11,27,1.88607863
2008,11,28,1.88607863
2008,11,29,1.88607863
2008,11,30,7.76766009
2008,12,1,9.26934046
2008,12,2,2.8350572
2008,12,3,2.15721536
2008,12,4,2.03207533
2008,12,5,2.02164699
2008,12,6,1.78179527
2008,12,7,1.82350861
2008,12,8,1.76093859
2008,12,9,2.35535374
2008,12,10,7.35052665
2008,12,11,67.6888784
2008,12,12,31.293986
2008,12,13,4.04474416
2008,12,14,2.94976889
2008,12,15,2.65777548
2008,12,16,5.95312964
2008,12,17,16.1728989
2008,12,18,3.57546905
2008,12,19,19.0928329
2008,12,20,5.11886276
2008,12,21,3.63803906
2008,12,22,2.92891222
2008,12,23,2.55349213
2008,12,24,2.52220712
2008,12,25,2.75163051
2008,12,26,2.44920877
2008,12,27,2.52220712
2008,12,28,2.4596371
2008,12,29,2.34492541
2008,12,30,2.32406873
2008,12,31,2.26149872
2009,1,1,2.18850037
2009,1,2,2.28235539
2009,1,3,2.18850037
2009,1,4,2.18850037
2009,1,5,2.18850037
2009,1,6,3.06448059
2009,1,7,37.0295707
2009,1,8,5.73413458
2009,1,9,3.11662227
2009,1,10,3.09576559
2009,1,11,3.69018074
2009,1,12,2.97062556
2009,1,13,2.73077384
2009,1,14,2.41792376
2009,1,15,2.27192705
2009,1,16,2.18850037
2009,1,17,2.18850037
2009,1,18,2.20935704
2009,1,19,2.20935704
2009,1,20,2.20935704
2009,1,21,2.20935704
2009,1,22,2.20935704
2009,1,23,2.20935704
2009,1,24,2.18850037
2009,1,25,2.09464534
2009,1,26,2.09464534
2009,1,27,2.03207533
2009,1,28,2.11550202
2009,1,29,3.71103741
2009,1,30,4.01345916
2009,1,31,2.13635869
2009,2,1,3.7944641
2009,2,2,3.5337557
2009,2,3,3.01233891
2009,2,4,2.55349213
2009,2,5,2.41792376
2009,2,6,2.26149872
2009,2,7,2.26149872
2009,2,8,2.63691881
2009,2,9,2.44920877
2009,2,10,2.32406873
2009,2,11,2.47006544
2009,2,12,3.20004895
2009,2,13,2.47006544
2009,2,14,2.47006544
2009,2,15,2.43878043
2009,2,16,2.32406873
2009,2,17,2.32406873
2009,2,18,3.05405225
2009,2,19,2.85591387
2009,2,20,2.24064205
2009,2,21,2.14678702
2009,2,22,2.21978538
2009,2,23,2.15721536
2009,2,24,2.12593035
2009,2,25,2.12593035
2009,2,26,2.18850037
2009,2,27,2.25107038
2009,2,28,2.80377219
2009,3,1,2.74120217
2009,3,2,3.02276724
2009,3,3,3.52332737
2009,3,4,3.07490892
2009,3,5,2.73077384
2009,3,6,2.58477713
2009,3,7,2.37621041
2009,3,8,2.32406873
2009,3,9,2.24064205
2009,3,10,2.052932
2009,3,11,2.03207533
2009,3,12,2.03207533
2009,3,13,1.89650696
2009,3,14,1.88607863
2009,3,15,1.89650696
2009,3,16,2.00079032
2009,3,17,2.6056338
2009,3,18,2.01121866
2009,3,19,2.10507368
2009,3,20,2.08421701
2009,3,21,1.88607863
2009,3,22,1.88607863
2009,3,23,1.88607863
2009,3,24,1.88607863
2009,3,25,1.88607863
2009,3,26,4.68087266
2009,3,27,2.79334385
2009,3,28,15.5471987
2009,3,29,6.45368976
2009,3,30,3.04362391
2009,3,31,2.50135045
2009,4,1,2.35535374
2009,4,2,2.32406873
2009,4,3,36.7167206
2009,4,4,4.3158809
2009,4,5,3.09576559
2009,4,6,3.58589738
2009,4,7,2.7203455
2009,4,8,2.47006544
2009,4,9,2.43878043
2009,4,10,2.32406873
2009,4,11,13.8786649
2009,4,12,3.2730473
2009,4,13,2.68906049
2009,4,14,4.0551725
2009,4,15,30.9811359
2009,4,16,6.26597972
2009,4,17,3.60675405
2009,4,18,3.11662227
2009,4,19,2.88719887
2009,4,20,39.428088
2009,4,21,22.6384671
2009,4,22,6.01569965
2009,4,23,3.91960413
2009,4,24,3.387759
2009,4,25,4.22202587
2009,4,26,3.57546905
2009,4,27,2.96019723
2009,4,28,2.96019723
2009,4,29,3.50247069
2009,4,30,2.44920877
2009,5,1,3.28347564
2009,5,2,2.59520547
2009,5,3,13.2529648
2009,5,4,35.0481869
2009,5,5,9.31105381
2009,5,6,22.4299004
2009,5,7,38.5938211
2009,5,8,5.10843443
2009,5,9,4.00303082
2009,5,10,3.1270506
2009,5,11,2.96019723
2009,5,12,2.78291552
2009,5,13,2.62649048
2009,5,14,2.79334385
2009,5,15,3.17919228
2009,5,16,3.11662227
2009,5,17,4.55573262
2009,5,18,2.49092211
2009,5,19,2.42835209
2009,5,20,2.32406873
2009,5,21,2.32406873
2009,5,22,2.32406873
2009,5,23,2.27192705
2009,5,24,2.13635869
2009,5,25,2.44920877
2009,5,26,8.0596535
2009,5,27,2.4596371
2009,5,28,3.77360743
2009,5,29,5.51513953
2009,5,30,2.59520547
2009,5,31,2.67863216
2009,6,1,2.00079032
2009,6,2,1.86522195
2009,6,3,14.191515
2009,6,4,12.731548
2009,6,5,30.3554357
2009,6,6,6.09912634
2009,6,7,3.29390398
2009,6,8,2.66820382
2009,6,9,4.09688584
2009,6,10,78.7429144
2009,6,11,10.4998841
2009,6,12,5.1292911
2009,6,13,4.58701763
2009,6,14,8.03879683
2009,6,15,3.03319558
2009,6,16,2.77248718
2009,6,17,3.93003247
2009,6,18,23.9941508
2009,6,19,4.35759424
2009,6,20,5.22314612
2009,6,21,3.10619393
2009,6,22,2.8663422
2009,6,23,2.58477713
2009,6,24,2.43878043
2009,6,25,2.32406873
2009,6,26,2.29278373
2009,6,27,2.18850037
2009,6,28,2.18850037
2009,6,29,2.17807203
2009,6,30,2.52220712
2009,7,1,2.1676437
2009,7,2,2.37621041
2009,7,3,2.24064205
2009,7,4,2.03207533
2009,7,5,2.03207533
2009,7,6,2.02164699
2009,7,7,1.99036198
2009,7,8,1.88607863
2009,7,9,1.75051026
2009,7,10,1.67751191
2009,7,11,1.65665523
2009,7,12,1.74008192
2009,7,13,1.76093859
2009,7,14,1.76093859
2009,7,15,1.76093859
2009,7,16,1.76093859
2009,7,17,1.92779197
2009,7,18,1.81308027
2009,7,19,1.6462269
2009,7,20,1.6462269
2009,7,21,1.68794024
2009,7,22,1.9069353
2009,7,23,2.36578208
2009,7,24,3.58589738
2009,7,25,4.21159754
2009,7,26,2.66820382
2009,7,27,1.94864864
2009,7,28,1.40637517
2009,7,29,1.35423349
2009,7,30,1.43766018
2009,7,31,5.18143278
2009,8,1,1.72965359
2009,8,2,5.16057611
2009,8,3,1.58365688
2009,8,4,1.31252015
2009,8,5,1.30209181
2009,8,6,1.34380516
2009,8,7,1.29166348
2009,8,8,1.26037847
2009,8,9,1.27080681
2009,8,10,4.84772603
2009,8,11,2.62649048
2009,8,12,1.55237188
2009,8,13,1.47937352
2009,8,14,1.26037847
2009,8,15,1.26037847
2009,8,16,1.20823679
2009,8,17,1.20823679
2009,8,18,8.16393686
2009,8,19,2.11550202
2009,8,20,1.27080681
2009,8,21,10.6980225
2009,8,22,7.38181166
2009,8,23,2.69948883
2009,8,24,1.35423349
2009,8,25,1.28123514
2009,8,26,1.26037847
2009,8,27,1.52108687
2009,8,28,45.4765228
2009,8,29,9.38405216
2009,8,30,3.56504071
2009,8,31,1.84436528
2009,9,1,1.61494189
2009,9,2,1.48980186
2009,9,3,1.45851685
2009,9,4,1.43766018
2009,9,5,1.3855185
2009,9,6,1.31252015
2009,9,7,1.93822031
2009,9,8,1.84436528
2009,9,9,1.3855185
2009,9,10,1.30209181
2009,9,11,72.0687794
2009,9,12,5.5359962
2009,9,13,2.70991716
2009,9,14,2.03207533
2009,9,15,1.84436528
2009,9,16,2.8350572
2009,9,17,3.72146575
2009,9,18,1.65665523
2009,9,19,1.6462269
2009,9,20,1.54194354
2009,9,21,1.54194354
2009,9,22,1.60451356
2009,9,23,1.6462269
2009,9,24,1.93822031
2009,9,25,2.24064205
2009,9,26,8.14308018
2009,9,27,12.2101312
2009,9,28,3.08533726
2009,9,29,2.36578208
2009,9,30,2.24064205
2009,10,1,2.18850037
2009,10,2,2.18850037
2009,10,3,2.32406873
2009,10,4,2.32406873
2009,10,5,2.32406873
2009,10,6,2.38663875
2009,10,7,2.41792376
2009,10,8,2.23021371
2009,10,9,2.1676437
2009,10,10,2.17807203
2009,10,11,2.18850037
2009,10,12,2.18850037
2009,10,13,2.18850037
2009,10,14,2.18850037
2009,10,15,10.3851724
2009,10,16,6.81868152
2009,10,17,32.753953
2009,10,18,37.9681209
2009,10,19,3.85703412
2009,10,20,2.70991716
2009,10,21,2.34492541
2009,10,22,2.07378867
2009,10,23,1.87565029
2009,10,24,15.338632
2009,10,25,3.74232242
2009,10,26,2.38663875
2009,10,27,12.2101312
2009,10,28,48.9178737
2009,10,29,4.25331088
2009,10,30,3.18962062
2009,10,31,3.2417623
2009,11,1,8.15350852
2009,11,2,3.33561732
2009,11,3,2.63691881
2009,11,4,2.51177878
2009,11,5,2.62649048
2009,11,6,2.62649048
2009,11,7,2.70991716
2009,11,8,2.78291552
2009,11,9,2.78291552
2009,11,10,2.88719887
2009,11,11,5.59856622
2009,11,12,10.2913174
2009,11,13,9.22762712
2009,11,14,5.29614448
2009,11,15,3.67975241
2009,11,16,3.11662227
2009,11,17,2.85591387
2009,11,18,2.70991716
2009,11,19,5.09800609
2009,11,20,17.945716
2009,11,21,3.70060908
2009,11,22,3.06448059
2009,11,23,3.80489244
2009,11,24,15.338632
2009,11,25,6.93339322
2009,11,26,4.30545256
2009,11,27,3.95088914
2009,11,28,3.31476065
2009,11,29,3.13747894
2009,11,30,4.08645751
2009,12,1,3.08533726
2009,12,2,9.08163042
2009,12,3,24.8284177
2009,12,4,4.13859919
2009,12,5,7.23581496
2009,12,6,6.24512304
2009,12,7,4.03431583
2009,12,8,4.32630923
2009,12,9,78.1172143
2009,12,10,6.42240476
2009,12,11,4.27416755
2009,12,12,3.37733066
2009,12,13,22.9513172
2009,12,14,5.93227297
2009,12,15,4.36802258
2009,12,16,3.39818734
2009,12,17,3.06448059
2009,12,18,2.96019723
2009,12,19,3.15833561
2009,12,20,3.98217415
2009,12,21,3.99260248
2009,12,22,3.84660578
2009,12,23,3.7944641
2009,12,24,3.2417623
2009,12,25,25.3498345
2009,12,26,92.4040345
2009,12,27,9.00863207
2009,12,28,6.40154808
2009,12,29,5.03543608
2009,12,30,4.35759424
2009,12,31,5.7967046
2010,1,1,9.24848379
2010,1,2,5.17100444
2010,1,3,4.42016426
2010,1,4,4.00303082
2010,1,5,3.80489244
2010,1,6,3.59632572
2010,1,7,3.73189409
2010,1,8,3.88831912
2010,1,9,3.7944641
2010,1,10,3.73189409
2010,1,11,3.73189409
2010,1,12,3.5337557
2010,1,13,3.60675405
2010,1,14,3.88831912
2010,1,15,3.61718239
2010,1,16,3.57546905
2010,1,17,20.1356665
2010,1,18,7.9449418
2010,1,19,5.05629275
2010,1,20,4.29502423
2010,1,21,3.98217415
2010,1,22,4.93115272
2010,1,23,3.73189409
2010,1,24,4.91029605
2010,1,25,28.5826186
2010,1,26,6.67268482
2010,1,27,4.74344267
2010,1,28,4.19074087
2010,1,29,4.38887925
2010,1,30,4.59744597
2010,1,31,5.11886276
2010,2,1,5.11886276
2010,2,2,5.0145794
2010,2,3,4.93115272
2010,2,4,3.84660578
2010,2,5,4.0551725
2010,2,6,13.1486814
2010,2,7,21.6999169
2010,2,8,11.7929978
2010,2,9,6.89167987
2010,2,10,9.00863207
2010,2,11,11.7929978
2010,2,12,5.08757776
2010,2,13,4.91029605
2010,2,14,4.64958765
2010,2,15,4.94158105
2010,2,16,4.96243773
2010,2,17,4.67044432
2010,2,18,5.31700115
2010,2,19,6.45368976
2010,2,20,6.6101148
2010,2,21,6.96467822
2010,2,22,9.08163042
2010,2,23,15.2343486
2010,2,24,13.7743816
2010,2,25,10.0410373
2010,2,26,7.45481001
2010,2,27,7.03767658
2010,2,28,7.44438168
2010,3,1,8.78963701
2010,3,2,7.86151511
2010,3,3,9.59261888
2010,3,4,8.62278364
2010,3,5,7.60080672
2010,3,6,6.79782485
2010,3,7,6.55797312
2010,3,8,6.23469471
2010,3,9,5.93227297
2010,3,10,5.73413458
2010,3,11,5.45256951
2010,3,12,15.1300653
2010,3,13,112.42644
2010,3,14,15.0257819
2010,3,15,8.758352
2010,3,16,6.92296488
2010,3,17,5.96355797
2010,3,18,5.45256951
2010,3,19,5.19186112
2010,3,20,4.80601269
2010,3,21,4.61830264
2010,3,22,8.67492532
2010,3,23,5.29614448
2010,3,24,4.26373922
2010,3,25,4.15945586
2010,3,26,9.15462877
2010,3,27,4.48273427
2010,3,28,7.2775283
2010,3,29,8.91477704
2010,3,30,8.14308018
2010,3,31,6.04698466
2010,4,1,4.47230594
2010,4,2,4.23245421
2010,4,3,4.02388749
2010,4,4,3.9404608
2010,4,5,3.91960413
2010,4,6,3.76317909
2010,4,7,3.73189409
2010,4,8,4.94158105
2010,4,9,6.91253654
2010,4,10,3.59632572
2010,4,11,3.42947234
2010,4,12,3.13747894
2010,4,13,3.40861567
2010,4,14,3.10619393
2010,4,15,3.06448059
2010,4,16,2.9810539
2010,4,17,2.96019723
2010,4,18,2.96019723
2010,4,19,2.96019723
2010,4,20,2.96019723
2010,4,21,4.47230594
2010,4,22,3.35647399
2010,4,23,2.73077384
2010,4,24,2.62649048
2010,4,25,48.3964569
2010,4,26,16.1728989
2010,4,27,5.81756127
2010,4,28,3.89874746
2010,4,29,3.41904401
2010,4,30,3.09576559
2010,5,1,2.94976889
2010,5,2,2.75163051
2010,5,3,4.77472768
2010,5,4,2.77248718
2010,5,5,2.63691881
2010,5,6,2.53263545
2010,5,7,2.47006544
2010,5,8,2.47006544
2010,5,9,2.47006544
2010,5,10,2.48049377
2010,5,11,4.36802258
2010,5,12,9.07120208
2010,5,13,3.77360743
2010,5,14,2.6056338
2010,5,15,2.47006544
2010,5,16,2.47006544
2010,5,17,2.81420052
2010,5,18,4.52444762
2010,5,19,2.55349213
2010,5,20,2.41792376
2010,5,21,2.1676437
2010,5,22,2.23021371
2010,5,23,5.7967046
2010,5,24,2.56392046
2010,5,25,2.43878043
2010,5,26,2.32406873
2010,5,27,6.48497477
2010,5,28,35.1524702
2010,5,29,3.54418404
2010,5,30,2.78291552
2010,5,31,2.47006544
2010,6,1,2.44920877
2010,6,2,2.17807203
2010,6,3,1.89650696
2010,6,4,1.86522195
2010,6,5,1.76093859
2010,6,6,1.83393695
2010,6,7,1.86522195
2010,6,8,1.76093859
2010,6,9,3.51289903
2010,6,10,2.47006544
2010,6,11,1.74008192
2010,6,12,1.6462269
2010,6,13,1.6462269
2010,6,14,1.67751191
2010,6,15,1.84436528
2010,6,16,1.84436528
2010,6,17,1.60451356
2010,6,18,1.54194354
2010,6,19,1.47937352
2010,6,20,1.45851685
2010,6,21,1.41680351
2010,6,22,1.57322855
2010,6,23,1.37509016
2010,6,24,1.26037847
2010,6,25,1.26037847
2010,6,26,1.26037847
2010,6,27,1.26037847
2010,6,28,1.77136693
2010,6,29,1.16652345
2010,6,30,1.11438177
2010,7,1,1.09352509
2010,7,2,1.11438177
2010,7,3,2.23021371
2010,7,4,1.09352509
2010,7,5,1.09352509
2010,7,6,1.08309676
2010,7,7,1.05181175
2010,7,8,1.04138341
2010,7,9,1.04138341
2010,7,10,2.69948883
2010,7,11,1.26037847
2010,7,12,8.04922516
2010,7,13,8.727067
2010,7,14,15.7557654
2010,7,15,1.84436528
2010,7,16,1.33337682
2010,7,17,1.20823679
2010,7,18,1.17695178
2010,7,19,2.55349213
2010,7,20,4.5765893
2010,7,21,1.94864864
2010,7,22,2.09464534
2010,7,23,1.15609511
2010,7,24,1.13523844
2010,7,25,2.38663875
2010,7,26,1.45851685
2010,7,27,1.06224009
2010,7,28,1.07266842
2010,7,29,16.2771822
2010,7,30,2.03207533
2010,7,31,1.24995013
2010,8,1,1.15609511
2010,8,2,1.10395343
2010,8,3,1.13523844
2010,8,4,1.16652345
2010,8,5,1.63579856
2010,8,6,1.1248101
2010,8,7,1.09352509
2010,8,8,1.05181175
2010,8,9,1.03095508
2010,8,10,1.11438177
2010,8,11,1.05181175
2010,8,12,24.3070009
2010,8,13,5.61942289
2010,8,14,1.46894519
2010,8,15,4.77472768
2010,8,16,2.26149872
2010,8,17,1.21866513
2010,8,18,6.70396983
2010,8,19,1.61494189
2010,8,20,1.21866513
2010,8,21,1.17695178
2010,8,22,1.33337682
2010,8,23,1.36466183
2010,8,24,1.97993365
2010,8,25,1.19780845
2010,8,26,1.11438177
2010,8,27,1.05181175
2010,8,28,1.04138341
2010,8,29,1.09352509
2010,8,30,1.07266842
2010,8,31,1.07266842
2010,9,1,1.04138341
2010,9,2,1.03095508
2010,9,3,1.09352509
2010,9,4,1.16652345
2010,9,5,1.1248101
2010,9,6,1.10395343
2010,9,7,1.13523844
2010,9,8,1.13523844
2010,9,9,1.10395343
2010,9,10,1.13523844
2010,9,11,1.28123514
2010,9,12,6.29726472
2010,9,13,1.30209181
2010,9,14,1.10395343
2010,9,15,1.03095508
2010,9,16,1.14566677
2010,9,17,2.67863216
2010,9,18,1.13523844
2010,9,19,1.09352509
2010,9,20,1.09352509
2010,9,21,1.30209181
2010,9,22,1.21866513
2010,9,23,1.16652345
2010,9,24,1.15609511
2010,9,25,1.06224009
2010,9,26,1.55237188
2010,9,27,9.1337721
2010,9,28,2.03207533
2010,9,29,1.17695178
2010,9,30,65.7074945
2010,10,1,20.1356665
2010,10,2,2.51177878
2010,10,3,1.92779197
2010,10,4,10.249604
2010,10,5,2.18850037
2010,10,6,1.60451356
2010,10,7,1.57322855
2010,10,8,1.60451356
2010,10,9,1.58365688
2010,10,10,1.47937352
2010,10,11,1.41680351
2010,10,12,1.41680351
2010,10,13,1.41680351
2010,10,14,6.90210821
2010,10,15,1.71922525
2010,10,16,1.41680351
2010,10,17,1.40637517
2010,10,18,1.42723184
2010,10,19,5.43171284
2010,10,20,1.52108687
2010,10,21,1.71922525
2010,10,22,1.51065853
2010,10,23,1.54194354
2010,10,24,1.47937352
2010,10,25,1.44808852
2010,10,26,1.48980186
2010,10,27,9.90546896
2010,10,28,1.77136693
2010,10,29,1.60451356
2010,10,30,1.60451356
2010,10,31,1.59408522
2010,11,1,1.5002302
2010,11,2,1.5002302
2010,11,3,1.5002302
2010,11,4,15.5471987
2010,11,5,2.59520547
2010,11,6,1.6462269
2010,11,7,1.51065853
2010,11,8,1.51065853
2010,11,9,1.57322855
2010,11,10,1.5002302
2010,11,11,1.5002302
2010,11,12,1.48980186
2010,11,13,1.48980186
2010,11,14,1.47937352
2010,11,15,1.5002302
2010,11,16,4.25331088
2010,11,17,8.0596535
2010,11,18,1.75051026
2010,11,19,1.54194354
2010,11,20,1.46894519
2010,11,21,1.41680351
2010,11,22,1.46894519
2010,11,23,1.46894519
2010,11,24,1.5002302
2010,11,25,1.69836858
2010,11,26,1.66708357
2010,11,27,1.45851685
2010,11,28,1.41680351
2010,11,29,1.41680351
2010,11,30,1.77136693
2010,12,1,19.0928329
2010,12,2,2.39706709
2010,12,3,1.72965359
2010,12,4,1.68794024
2010,12,5,1.67751191
2010,12,6,1.59408522
2010,12,7,1.55237188
2010,12,8,1.5002302
2010,12,9,1.5002302
2010,12,10,1.5002302
2010,12,11,1.54194354
2010,12,12,16.0686155
2010,12,13,4.8685827
2010,12,14,2.09464534
2010,12,15,1.78179527
2010,12,16,1.67751191
2010,12,17,1.88607863
2010,12,18,1.78179527
2010,12,19,1.72965359
2010,12,20,1.67751191
2010,12,21,1.60451356
2010,12,22,1.55237188
2010,12,23,1.48980186
2010,12,24,1.45851685
2010,12,25,1.46894519
2010,12,26,1.46894519
2010,12,27,1.48980186
2010,12,28,1.46894519
2010,12,29,1.45851685
2010,12,30,1.43766018
2010,12,31,1.42723184
2011,1,1,1.45851685
2011,1,2,1.99036198
2011,1,3,1.62537023
2011,1,4,1.52108687
2011,1,5,1.46894519
2011,1,6,1.43766018
2011,1,7,1.43766018
2011,1,8,1.41680351
2011,1,9,1.39594684
2011,1,10,1.39594684
2011,1,11,1.57322855
2011,1,12,1.99036198
2011,1,13,1.72965359
2011,1,14,1.62537023
2011,1,15,1.59408522
2011,1,16,1.59408522
2011,1,17,1.57322855
2011,1,18,3.97174581
2011,1,19,4.49316261
2011,1,20,1.88607863
2011,1,21,2.40749542
2011,1,22,1.67751191
2011,1,23,1.57322855
2011,1,24,1.93822031
2011,1,25,1.86522195
2011,1,26,2.14678702
2011,1,27,2.78291552
2011,1,28,2.7203455
2011,1,29,2.1989287
2011,1,30,1.88607863
2011,1,31,1.78179527
2011,2,1,1.78179527
2011,2,2,26.3926681
2011,2,3,6.59968647
2011,2,4,3.13747894
2011,2,5,7.12110326
2011,2,6,7.37138333
2011,2,7,5.50471119
2011,2,8,5.03543608
2011,2,9,2.97062556
2011,2,10,2.3136404
2011,2,11,2.20935704
2011,2,12,2.23021371
2011,2,13,2.15721536
2011,2,14,5.70284958
2011,2,15,3.9091758
2011,2,16,2.65777548
2011,2,17,2.8350572
2011,2,18,2.94976889
2011,2,19,2.51177878
2011,2,20,2.36578208
2011,2,21,2.36578208
2011,2,22,4.25331088
2011,2,23,3.1270506
2011,2,24,2.94976889
2011,2,25,29.4168855
2011,2,26,5.19186112
2011,2,27,3.5337557
2011,2,28,8.28907689
2011,3,1,4.04474416
2011,3,2,2.8663422
2011,3,3,2.6056338
2011,3,4,2.44920877
2011,3,5,2.44920877
2011,3,6,34.3182034
2011,3,7,11.8972811
2011,3,8,4.43059259
2011,3,9,3.41904401
2011,3,10,127.02611
2011,3,11,14.6086485
2011,3,12,6.19298137
2011,3,13,4.56616096
2011,3,14,3.75275076
2011,3,15,3.58589738
2011,3,16,16.5900323
2011,3,17,4.44102093
2011,3,18,3.85703412
2011,3,19,3.37733066
2011,3,20,3.03319558
2011,3,21,5.97398631
2011,3,22,3.2730473
2011,3,23,9.67604557
2011,3,24,6.8708232
2011,3,25,3.33561732
2011,3,26,2.9810539
2011,3,27,2.7203455
2011,3,28,2.61606214
2011,3,29,2.53263545
2011,3,30,3.09576559
2011,3,31,4.15945586
2011,4,1,5.6819929
2011,4,2,2.88719887
2011,4,3,2.64734715
2011,4,4,3.15833561
2011,4,5,8.8730637
2011,4,6,3.16876394
2011,4,7,2.89762721
2011,4,8,7.5382367
2011,4,9,4.80601269
2011,4,10,3.23133396
2011,4,11,2.92891222
2011,4,12,11.271581
2011,4,13,9.20677045
2011,4,14,4.39930758
2011,4,15,3.45032902
2011,4,16,32.9625197
2011,4,17,10.8440192
2011,4,18,4.92072438
2011,4,19,8.3516469
2011,4,20,4.9832944
2011,4,21,3.62761073
2011,4,22,3.99260248
2011,4,23,6.71439816
2011,4,24,6.13041135
2011,4,25,4.76429934
2011,4,26,3.28347564
2011,4,27,5.43171284
2011,4,28,14.8172152
2011,4,29,3.81532077
2011,4,30,3.00191057
2011,5,1,3.26261897
2011,5,2,3.10619393
2011,5,3,3.30433231
2011,5,4,9.30062547
2011,5,5,3.06448059
2011,5,6,3.83617744
2011,5,7,3.78403576
2011,5,8,2.50135045
2011,5,9,2.35535374
2011,5,10,2.12593035
2011,5,11,2.17807203
2011,5,12,2.09464534
2011,5,13,2.052932
2011,5,14,3.21047729
2011,5,15,5.07714942
2011,5,16,3.07490892
2011,5,17,5.69242124
2011,5,18,6.13041135
2011,5,19,9.15462877
2011,5,20,5.13971944
2011,5,21,2.56392046
2011,5,22,2.28235539
2011,5,23,2.17807203
2011,5,24,2.07378867
2011,5,25,2.01121866
2011,5,26,1.81308027
2011,5,27,2.24064205
2011,5,28,2.10507368
2011,5,29,1.68794024
2011,5,30,1.6462269
2011,5,31,1.63579856
2011,6,1,1.56280021
2011,6,2,1.47937352
2011,6,3,1.56280021
2011,6,4,1.55237188
2011,6,5,1.60451356
2011,6,6,1.60451356
2011,6,7,1.54194354
2011,6,8,1.48980186
2011,6,9,2.35535374
2011,6,10,3.28347564
2011,6,11,2.43878043
2011,6,12,2.08421701
2011,6,13,1.54194354
2011,6,14,1.34380516
2011,6,15,1.32294849
2011,6,16,1.30209181
2011,6,17,5.43171284
2011,6,18,1.46894519
2011,6,19,1.32294849
2011,6,20,1.26037847
2011,6,21,2.94976889
2011,6,22,1.31252015
2011,6,23,1.22909346
2011,6,24,1.21866513
2011,6,25,1.20823679
2011,6,26,1.21866513
2011,6,27,1.27080681
2011,6,28,1.34380516
2011,6,29,1.3855185
2011,6,30,1.18738012
2011,7,1,1.17695178
2011,7,2,1.24995013
2011,7,3,2.88719887
2011,7,4,1.09352509
2011,7,5,1.08309676
2011,7,6,1.15609511
2011,7,7,2.85591387
2011,7,8,5.75499126
2011,7,9,1.88607863
2011,7,10,1.04138341
2011,7,11,4.63915931
2011,7,12,3.15833561
2011,7,13,1.21866513
2011,7,14,1.1248101
2011,7,15,1.05181175
2011,7,16,1.10395343
2011,7,17,1.08309676
2011,7,18,1.04138341
2011,7,19,1.03095508
2011,7,20,1.30209181
2011,7,21,1.07266842
2011,7,22,1.01009841
2011,7,23,2.03207533
2011,7,24,1.03095508
2011,7,25,79.0557645
2011,7,26,5.49428286
2011,7,27,2.15721536
2011,7,28,1.5002302
2011,7,29,1.57322855
2011,7,30,2.26149872
2011,7,31,1.9069353
2011,8,1,1.40637517
2011,8,2,1.78179527
2011,8,3,2.67863216
2011,8,4,3.59632572
2011,8,5,1.5002302
2011,8,6,7.97622681
2011,8,7,13.9829483
2011,8,8,2.39706709
2011,8,9,2.96019723
2011,8,10,1.85479362
2011,8,11,1.24995013
2011,8,12,1.20823679
2011,8,13,17.3200158
2011,8,14,8.08051017
2011,8,15,17.6328659
2011,8,16,2.28235539
2011,8,17,1.48980186
2011,8,18,1.34380516
2011,8,19,2.12593035
2011,8,20,1.48980186
2011,8,21,5.55685287
2011,8,22,4.04474416
2011,8,23,1.32294849
2011,8,24,1.24995013
2011,8,25,4.77472768
2011,8,26,1.60451356
2011,8,27,28.0612018
2011,8,28,83.852799
2011,8,29,4.81644102
2011,8,30,3.02276724
2011,8,31,1.92779197
2011,9,1,1.67751191
2011,9,2,2.99148223
2011,9,3,1.67751191
2011,9,4,1.60451356
2011,9,5,14.5043651
2011,9,6,29.3126021
2011,9,7,414.848182
2011,9,8,139.540113
2011,9,9,27.0183682
2011,9,10,7.30881331
2011,9,11,12.0015645
2011,9,12,6.01569965
2011,9,13,3.51289903
2011,9,14,3.56504071
2011,9,15,3.55461237
2011,9,16,2.63691881
2011,9,17,2.39706709
2011,9,18,2.36578208
2011,9,19,2.36578208
2011,9,20,2.55349213
2011,9,21,2.40749542
2011,9,22,3.01233891
2011,9,23,23.9941508
2011,9,24,4.5765893
2011,9,25,2.87677054
2011,9,26,2.54306379
2011,9,27,2.53263545
2011,9,28,9.10248709
2011,9,29,5.0145794
2011,9,30,3.00191057
2011,10,1,2.78291552
2011,10,2,4.13859919
2011,10,3,2.99148223
2011,10,4,2.93934055
2011,10,5,2.70991716
2011,10,6,2.55349213
2011,10,7,2.53263545
2011,10,8,2.53263545
2011,10,9,2.55349213
2011,10,10,2.53263545
2011,10,11,2.53263545
2011,10,12,5.60899455
2011,10,13,8.03879683
2011,10,14,10.8023058
2011,10,15,2.81420052
2011,10,16,2.53263545
2011,10,17,2.53263545
2011,10,18,2.53263545
2011,10,19,13.6700982
2011,10,20,6.06784133
2011,10,21,2.78291552
2011,10,22,2.48049377
2011,10,23,2.35535374
2011,10,24,2.33449707
2011,10,25,2.33449707
2011,10,26,2.35535374
2011,10,27,4.82686936
2011,10,28,3.01233891
2011,10,29,23.1598839
2011,10,30,5.13971944
2011,10,31,3.04362391
2011,11,1,2.58477713
2011,11,2,2.38663875
2011,11,3,2.33449707
2011,11,4,2.24064205
2011,11,5,2.18850037
2011,11,6,2.13635869
2011,11,7,2.11550202
2011,11,8,2.07378867
2011,11,9,2.07378867
2011,11,10,2.1676437
2011,11,11,2.35535374
2011,11,12,2.13635869
2011,11,13,2.07378867
2011,11,14,2.07378867
2011,11,15,2.07378867
2011,11,16,9.30062547
2011,11,17,3.66932407
2011,11,18,2.28235539
2011,11,19,2.20935704
2011,11,20,2.08421701
2011,11,21,6.55797312
2011,11,22,53.7149082
2011,11,23,55.0705919
2011,11,24,6.74568317
2011,11,25,4.5765893
2011,11,26,3.40861567
2011,11,27,3.14790727
2011,11,28,2.92891222
2011,11,29,13.1486814
2011,11,30,4.61830264
2011,12,1,3.03319558
2011,12,2,2.77248718
2011,12,3,2.65777548
2011,12,4,2.53263545
2011,12,5,2.53263545
2011,12,6,4.5765893
2011,12,7,68.2102952
2011,12,8,21.8042003
2011,12,9,5.78627626
2011,12,10,4.12817085
2011,12,11,3.42947234
2011,12,12,3.22090562
2011,12,13,2.97062556
2011,12,14,2.92891222
2011,12,15,2.8663422
2011,12,16,2.77248718
2011,12,17,2.55349213
2011,12,18,2.53263545
2011,12,19,2.53263545
2011,12,20,2.53263545
2011,12,21,3.14790727
2011,12,22,7.10024659
2011,12,23,61.1190267
2011,12,24,5.67156457
2011,12,25,3.84660578
2011,12,26,3.31476065
2011,12,27,20.1356665
2011,12,28,6.09912634
2011,12,29,3.72146575
2011,12,30,3.47118569
2011,12,31,3.28347564
2012,1,1,3.13747894
2012,1,2,3.03319558
2012,1,3,2.78291552
2012,1,4,2.61606214
2012,1,5,2.59520547
2012,1,6,2.62649048
2012,1,7,2.70991716
2012,1,8,2.54306379
2012,1,9,2.53263545
2012,1,10,2.53263545
2012,1,11,4.04474416
2012,1,12,22.5341838
2012,1,13,5.28571614
2012,1,14,3.05405225
2012,1,15,2.67863216
2012,1,16,2.53263545
2012,1,17,5.61942289
2012,1,18,3.22090562
2012,1,19,2.67863216
2012,1,20,3.13747894
2012,1,21,6.66225648
2012,1,22,3.01233891
2012,1,23,5.46299785
2012,1,24,6.23469471
2012,1,25,3.29390398
2012,1,26,3.37733066
2012,1,27,8.58107029
2012,1,28,3.32518898
2012,1,29,3.05405225
2012,1,30,2.7203455
2012,1,31,2.70991716
2012,2,1,2.70991716
2012,2,2,2.63691881
2012,2,3,2.43878043
2012,2,4,3.57546905
2012,2,5,3.89874746
2012,2,6,2.80377219
2012,2,7,2.70991716
2012,2,8,2.8663422
2012,2,9,3.09576559
2012,2,10,2.7203455
2012,2,11,4.49316261
2012,2,12,2.49092211
2012,2,13,2.32406873
2012,2,14,2.41792376
2012,2,15,2.42835209
2012,2,16,5.20228945
2012,2,17,3.08533726
2012,2,18,2.4596371
2012,2,19,2.36578208
2012,2,20,2.34492541
2012,2,21,2.20935704
2012,2,22,2.34492541
2012,2,23,2.35535374
2012,2,24,2.81420052
2012,2,25,2.34492541
2012,2,26,2.20935704
2012,2,27,2.20935704
2012,2,28,2.12593035
2012,2,29,28.8954687
2012,3,1,12.9401147
2012,3,2,4.30545256
2012,3,3,7.98665515
2012,3,4,3.35647399
2012,3,5,2.81420052
2012,3,6,2.53263545
2012,3,7,2.53263545
2012,3,8,2.53263545
2012,3,9,2.56392046
2012,3,10,2.36578208
2012,3,11,2.36578208
2012,3,12,2.36578208
2012,3,13,2.36578208
2012,3,14,2.36578208
2012,3,15,2.36578208
2012,3,16,2.36578208
2012,3,17,2.21978538
2012,3,18,2.20935704
2012,3,19,2.20935704
2012,3,20,3.45032902
2012,3,21,2.20935704
2012,3,22,2.08421701
2012,3,23,2.13635869
2012,3,24,4.68087266
2012,3,25,3.40861567
2012,3,26,2.21978538
2012,3,27,2.07378867
2012,3,28,4.80601269
2012,3,29,2.37621041
2012,3,30,2.09464534
2012,3,31,2.07378867
2012,4,1,2.09464534
2012,4,2,3.65889573
2012,4,3,2.07378867
2012,4,4,2.12593035
2012,4,5,2.07378867
2012,4,6,2.07378867
2012,4,7,2.07378867
2012,4,8,2.07378867
2012,4,9,2.07378867
2012,4,10,2.07378867
2012,4,11,2.07378867
2012,4,12,2.03207533
2012,4,13,1.93822031
2012,4,14,1.93822031
2012,4,15,1.96950531
2012,4,16,1.99036198
2012,4,17,1.93822031
2012,4,18,2.49092211
2012,4,19,2.4596371
2012,4,20,1.93822031
2012,4,21,2.18850037
2012,4,22,16.2771822
2012,4,23,7.91365679
2012,4,24,2.55349213
2012,4,25,2.08421701
2012,4,26,3.25219063
2012,4,27,3.35647399
2012,4,28,2.09464534
2012,4,29,2.87677054
2012,4,30,1.97993365
2012,5,1,2.47006544
2012,5,2,5.40042783
2012,5,3,2.39706709
2012,5,4,2.76205884
2012,5,5,1.93822031
2012,5,6,1.81308027
2012,5,7,1.78179527
2012,5,8,5.56728121
2012,5,9,14.9214985
2012,5,10,4.42016426
2012,5,11,2.052932
2012,5,12,1.93822031
2012,5,13,1.93822031
2012,5,14,8.39336025
2012,5,15,25.6626845
2012,5,16,2.90805555
2012,5,17,2.18850037
2012,5,18,1.91736363
2012,5,19,1.81308027
2012,5,20,1.77136693
2012,5,21,13.0443981
2012,5,22,2.76205884
2012,5,23,2.15721536
2012,5,24,2.15721536
2012,5,25,1.82350861
2012,5,26,1.82350861
2012,5,27,2.59520547
2012,5,28,2.9810539
2012,5,29,9.99932398
2012,5,30,4.76429934
2012,5,31,1.9069353
2012,6,1,34.5267701
2012,6,2,11.4801477
2012,6,3,2.67863216
2012,6,4,2.47006544
2012,6,5,2.08421701
2012,6,6,1.93822031
2012,6,7,2.74120217
2012,6,8,2.40749542
2012,6,9,1.76093859
2012,6,10,1.69836858
2012,6,11,1.66708357
2012,6,12,12.6272646
2012,6,13,2.84548553
2012,6,14,1.9069353
2012,6,15,1.72965359
2012,6,16,1.70879691
2012,6,17,1.70879691
2012,6,18,2.97062556
2012,6,19,1.7922236
2012,6,20,1.63579856
2012,6,21,1.54194354
2012,6,22,1.5002302
2012,6,23,1.48980186
2012,6,24,1.44808852
2012,6,25,1.45851685
2012,6,26,1.39594684
2012,6,27,1.40637517
2012,6,28,1.42723184
2012,6,29,6.80825319
2012,6,30,9.5404772
2012,7,1,2.82462886
2012,7,2,4.82686936
2012,7,3,1.44808852
2012,7,4,1.52108687
2012,7,5,1.33337682
2012,7,6,1.32294849
2012,7,7,1.28123514
2012,7,8,1.28123514
2012,7,9,6.86039486
2012,7,10,1.46894519
2012,7,11,1.33337682
2012,7,12,1.28123514
2012,7,13,1.28123514
2012,7,14,1.96950531
2012,7,15,3.6484674
2012,7,16,2.03207533
2012,7,17,1.29166348
2012,7,18,1.22909346
2012,7,19,3.69018074
2012,7,20,8.04922516
2012,7,21,23.5770174
2012,7,22,2.28235539
2012,7,23,1.43766018
2012,7,24,1.37509016
2012,7,25,1.36466183
2012,7,26,6.2034097
2012,7,27,5.37957116
2012,7,28,1.88607863
2012,7,29,1.21866513
2012,7,30,1.21866513
2012,7,31,1.26037847
2012,8,1,1.21866513
2012,8,2,1.19780845
2012,8,3,1.17695178
2012,8,4,1.16652345
2012,8,5,4.02388749
2012,8,6,6.32854973
2012,8,7,1.21866513
2012,8,8,1.16652345
2012,8,9,1.18738012
2012,8,10,15.0257819
2012,8,11,2.89762721
2012,8,12,2.03207533
2012,8,13,1.20823679
2012,8,14,59.2419262
2012,8,15,6.00527132
2012,8,16,1.68794024
2012,8,17,3.22090562
2012,8,18,3.22090562
2012,8,19,1.40637517
2012,8,20,7.6842334
2012,8,21,2.28235539
2012,8,22,1.40637517
2012,8,23,1.34380516
2012,8,24,1.34380516
2012,8,25,1.34380516
2012,8,26,82.4971154
2012,8,27,5.20228945
2012,8,28,1.93822031
2012,8,29,1.61494189
2012,8,30,1.52108687
2012,8,31,1.56280021
2012,9,1,2.18850037
2012,9,2,2.38663875
2012,9,3,3.83617744
2012,9,4,1.66708357
2012,9,5,1.60451356
2012,9,6,1.65665523
2012,9,7,1.66708357
2012,9,8,5.66113623
2012,9,9,1.75051026
2012,9,10,1.36466183
2012,9,11,1.34380516
2012,9,12,1.34380516
2012,9,13,1.34380516
2012,9,14,1.42723184
2012,9,15,1.43766018
2012,9,16,1.41680351
2012,9,17,1.43766018
2012,9,18,22.1170503
2012,9,19,2.66820382
2012,9,20,1.48980186
2012,9,21,1.41680351
2012,9,22,2.48049377
2012,9,23,1.40637517
2012,9,24,1.34380516
2012,9,25,1.40637517
2012,9,26,1.81308027
2012,9,27,4.67044432
2012,9,28,4.59744597
2012,9,29,1.52108687
2012,9,30,2.23021371
2012,10,1,2.13635869
2012,10,2,53.1934914
2012,10,3,10.7188792
2012,10,4,1.9069353
2012,10,5,1.6462269
2012,10,6,1.61494189
2012,10,7,1.84436528
2012,10,8,1.95907698
2012,10,9,1.61494189
2012,10,10,1.65665523
2012,10,11,1.5315152
2012,10,12,1.47937352
2012,10,13,1.54194354
2012,10,14,1.61494189
2012,10,15,8.74792367
2012,10,16,2.44920877
2012,10,17,1.93822031
2012,10,18,2.07378867
2012,10,19,63.8303941
2012,10,20,6.14083969
2012,10,21,2.62649048
2012,10,22,2.39706709
2012,10,23,2.36578208
2012,10,24,2.56392046
2012,10,25,2.48049377
2012,10,26,2.75163051
2012,10,27,3.10619393
2012,10,28,4.01345916
2012,10,29,357.492334
2012,10,30,95.8453854
2012,10,31,13.0443981
2012,11,1,4.78515601
2012,11,2,3.36690233
2012,11,3,2.93934055
2012,11,4,2.67863216
2012,11,5,2.43878043
2012,11,6,2.47006544
2012,11,7,2.70991716
2012,11,8,2.56392046
2012,11,9,2.37621041
2012,11,10,2.48049377
2012,11,11,2.65777548
2012,11,12,2.53263545
2012,11,13,11.271581
2012,11,14,2.92891222
2012,11,15,2.6056338
2012,11,16,2.53263545
2012,11,17,2.52220712
2012,11,18,2.36578208
2012,11,19,2.36578208
2012,11,20,2.38663875
2012,11,21,2.37621041
2012,11,22,2.36578208
2012,11,23,2.41792376
2012,11,24,2.76205884
2012,11,25,2.7203455
2012,11,26,2.70991716
2012,11,27,4.56616096
2012,11,28,2.89762721
2012,11,29,2.61606214
2012,11,30,2.53263545
2012,12,1,2.53263545
2012,12,2,2.53263545
2012,12,3,2.53263545
2012,12,4,2.53263545
2012,12,5,2.4596371
2012,12,6,2.36578208
2012,12,7,6.11998301
2012,12,8,2.49092211
2012,12,9,5.99484298
2012,12,10,2.92891222
2012,12,11,2.61606214
2012,12,12,2.14678702
2012,12,13,2.07378867
2012,12,14,2.07378867
2012,12,15,2.06336034
2012,12,16,2.55349213
2012,12,17,2.29278373
2012,12,18,4.02388749
2012,12,19,2.33449707
2012,12,20,5.15014777
2012,12,21,48.2921735
2012,12,22,5.13971944
2012,12,23,2.81420052
2012,12,24,2.99148223
2012,12,25,5.48385452
2012,12,26,46.7279231
2012,12,27,24.0984342
2012,12,28,5.82798961
2012,12,29,5.57770955
2012,12,30,4.25331088
2012,12,31,3.89874746
2013,1,1,3.73189409
2013,1,2,3.61718239
2013,1,3,2.94976889
2013,1,4,2.53263545
2013,1,5,2.42835209
2013,1,6,2.36578208
2013,1,7,2.36578208
2013,1,8,2.36578208
2013,1,9,2.39706709
2013,1,10,2.32406873
2013,1,11,5.45256951
2013,1,12,3.54418404
2013,1,13,2.3136404
2013,1,14,2.43878043
2013,1,15,14.4000817
2013,1,16,42.035172
2013,1,17,5.05629275
2013,1,18,3.29390398
2013,1,19,2.80377219
2013,1,20,2.74120217
2013,1,21,2.63691881
2013,1,22,2.53263545
2013,1,23,2.47006544
2013,1,24,2.36578208
2013,1,25,2.36578208
2013,1,26,2.36578208
2013,1,27,2.28235539
2013,1,28,3.29390398
2013,1,29,2.89762721
2013,1,30,65.2903611
2013,1,31,112.42644
2013,2,1,6.58925813
2013,2,2,3.75275076
2013,2,3,3.63803906
2013,2,4,3.13747894
2013,2,5,2.92891222
2013,2,6,2.81420052
2013,2,7,5.56728121
2013,2,8,4.04474416
2013,2,9,2.80377219
2013,2,10,2.53263545
2013,2,11,9.70733057
2013,2,12,3.36690233
2013,2,13,3.63803906
2013,2,14,6.27640805
2013,2,15,3.59632572
2013,2,16,6.21383804
2013,2,17,3.01233891
2013,2,18,2.61606214
2013,2,19,4.75387101
2013,2,20,3.07490892
2013,2,21,2.44920877
2013,2,22,2.36578208
2013,2,23,3.00191057
2013,2,24,2.87677054
2013,2,25,2.54306379
2013,2,26,8.727067
2013,2,27,14.9214985
2013,2,28,3.69018074
2013,3,1,3.00191057
2013,3,2,2.74120217
2013,3,3,2.53263545
2013,3,4,2.42835209
2013,3,5,2.40749542
2013,3,6,18.258566
2013,3,7,8.26822022
2013,3,8,3.96131748
2013,3,9,3.07490892
2013,3,10,2.91848388
2013,3,11,2.70991716
2013,3,12,33.4839365
2013,3,13,5.72370625
2013,3,14,3.47118569
2013,3,15,3.01233891
2013,3,16,2.92891222
2013,3,17,2.76205884
2013,3,18,7.42352501
2013,3,19,5.57770955
2013,3,20,3.02276724
2013,3,21,2.90805555
2013,3,22,2.70991716
2013,3,23,2.70991716
2013,3,24,2.70991716
2013,3,25,9.56133387
2013,3,26,8.19522186
2013,3,27,3.83617744
2013,3,28,3.06448059
2013,3,29,2.80377219
2013,3,30,2.70991716
2013,3,31,2.70991716
2013,4,1,2.70991716
2013,4,2,2.53263545
2013,4,3,2.48049377
2013,4,4,2.36578208
2013,4,5,2.52220712
2013,4,6,2.38663875
2013,4,7,2.28235539
2013,4,8,2.26149872
2013,4,9,2.36578208
2013,4,10,2.20935704
2013,4,11,2.20935704
2013,4,12,7.99708348
2013,4,13,2.7203455
2013,4,14,2.27192705
2013,4,15,2.20935704
2013,4,16,2.15721536
2013,4,17,2.07378867
2013,4,18,4.0551725
2013,4,19,21.9084836
2013,4,20,12.5229813
2013,4,21,2.87677054
2013,4,22,2.47006544
2013,4,23,2.36578208
2013,4,24,2.3136404
2013,4,25,2.18850037
2013,4,26,2.13635869
2013,4,27,2.07378867
2013,4,28,2.07378867
2013,4,29,4.18031253
2013,4,30,6.94382155
2013,5,1,2.39706709
2013,5,2,2.09464534
2013,5,3,2.07378867
2013,5,4,2.04250366
2013,5,5,1.93822031
2013,5,6,1.93822031
2013,5,7,9.53004886
2013,5,8,4.10731418
2013,5,9,2.27192705
2013,5,10,9.50919219
2013,5,11,19.5099663
2013,5,12,4.30545256
2013,5,13,2.50135045
2013,5,14,2.23021371
2013,5,15,2.27192705
2013,5,16,2.48049377
2013,5,17,2.36578208
2013,5,18,2.20935704
2013,5,19,2.26149872
2013,5,20,2.40749542
2013,5,21,2.21978538
2013,5,22,2.20935704
2013,5,23,33.4839365
2013,5,24,10.093179
2013,5,25,2.93934055
2013,5,26,2.42835209
2013,5,27,2.20935704
2013,5,28,2.64734715
2013,5,29,2.21978538
2013,5,30,2.15721536
2013,5,31,2.07378867
2013,6,1,2.08421701
2013,6,2,3.72146575
2013,6,3,8.52892861
2013,6,4,2.10507368
2013,6,5,1.89650696
2013,6,6,4.2011692
2013,6,7,45.6850895
2013,6,8,5.21271779
2013,6,9,2.73077384
2013,6,10,55.5920087
2013,6,11,10.8648759
2013,6,12,3.6484674
2013,6,13,6.65182815
2013,6,14,2.93934055
2013,6,15,2.4596371
2013,6,16,2.35535374
2013,6,17,2.20935704
2013,6,18,2.50135045
2013,6,19,2.63691881
2013,6,20,2.1676437
2013,6,21,2.01121866
2013,6,22,1.93822031
2013,6,23,1.95907698
2013,6,24,1.93822031
2013,6,25,2.4596371
2013,6,26,3.7944641
2013,6,27,8.6123553
2013,6,28,2.51177878
2013,6,29,1.9069353
2013,6,30,21.1785001
2013,7,1,7.70509008
2013,7,2,2.56392046
2013,7,3,4.26373922
2013,7,4,2.09464534
2013,7,5,1.86522195
2013,7,6,1.7922236
2013,7,7,1.70879691
2013,7,8,1.84436528
2013,7,9,1.70879691
2013,7,10,1.70879691
2013,7,11,1.89650696
2013,7,12,9.23805546
2013,7,13,5.22314612
2013,7,14,2.90805555
2013,7,15,1.77136693
2013,7,16,1.60451356
2013,7,17,1.60451356
2013,7,18,1.60451356
2013,7,19,1.60451356
2013,7,20,1.69836858
2013,7,21,1.81308027
2013,7,22,4.81644102
2013,7,23,7.02724824
2013,7,24,1.69836858
2013,7,25,1.7922236
2013,7,26,1.63579856
2013,7,27,12.6272646
2013,7,28,3.1270506
2013,7,29,1.91736363
2013,7,30,1.66708357
2013,7,31,1.60451356
2013,8,1,3.63803906
2013,8,2,1.80265194
2013,8,3,2.74120217
2013,8,4,1.82350861
2013,8,5,1.5002302
2013,8,6,2.27192705
2013,8,7,3.39818734
2013,8,8,29.4168855
2013,8,9,17.945716
2013,8,10,2.65777548
2013,8,11,1.60451356
2013,8,12,1.47937352
2013,8,13,3.88831912
2013,8,14,1.40637517
2013,8,15,1.34380516
2013,8,16,1.34380516
2013,8,17,1.34380516
2013,8,18,1.34380516
2013,8,19,1.34380516
2013,8,20,1.34380516
2013,8,21,1.37509016
2013,8,22,1.40637517
2013,8,23,1.3855185
2013,8,24,1.35423349
2013,8,25,1.35423349
2013,8,26,1.34380516
2013,8,27,1.75051026
2013,8,28,1.28123514
2013,8,29,1.24995013
2013,8,30,1.33337682
2013,8,31,1.20823679
2013,9,1,1.24995013
2013,9,2,1.24995013
2013,9,3,1.24995013
2013,9,4,1.20823679
2013,9,5,1.20823679
2013,9,6,1.20823679
2013,9,7,1.20823679
2013,9,8,1.20823679
2013,9,9,1.19780845
2013,9,10,1.16652345
2013,9,11,1.17695178
2013,9,12,8.15350852
2013,9,13,1.44808852
2013,9,14,1.15609511
2013,9,15,1.13523844
2013,9,16,1.1248101
2013,9,17,1.15609511
2013,9,18,1.15609511
2013,9,19,1.15609511
2013,9,20,1.16652345
2013,9,21,7.64252006
2013,9,22,4.42016426
2013,9,23,1.30209181
2013,9,24,1.16652345
2013,9,25,1.20823679
2013,9,26,1.17695178
2013,9,27,1.19780845
2013,9,28,1.16652345
2013,9,29,1.18738012
2013,9,30,1.20823679
2013,10,1,1.20823679
2013,10,2,1.20823679
2013,10,3,1.2395218
2013,10,4,1.26037847
2013,10,5,1.31252015
2013,10,6,1.41680351
2013,10,7,17.3200158
2013,10,8,1.68794024
2013,10,9,2.84548553
2013,10,10,43.495139
2013,10,11,82.7056821
2013,10,12,14.9214985
2013,10,13,6.01569965
2013,10,14,1.76093859
2013,10,15,1.35423349
2013,10,16,1.28123514
2013,10,17,1.85479362
2013,10,18,1.42723184
2013,10,19,1.31252015
2013,10,20,1.65665523
2013,10,21,1.33337682
2013,10,22,1.31252015
2013,10,23,1.33337682
2013,10,24,1.33337682
2013,10,25,1.35423349
2013,10,26,1.80265194
2013,10,27,1.3855185
2013,10,28,1.3855185
2013,10,29,1.3855185
2013,10,30,1.67751191
2013,10,31,1.3855185
2013,11,1,6.07826967
2013,11,2,1.45851685
2013,11,3,1.41680351
2013,11,4,1.40637517
2013,11,5,1.41680351
2013,11,6,1.43766018
2013,11,7,1.76093859
2013,11,8,1.93822031
2013,11,9,1.58365688
2013,11,10,1.44808852
2013,11,11,1.42723184
2013,11,12,1.42723184
2013,11,13,1.43766018
2013,11,14,1.43766018
2013,11,15,2.42835209
2013,11,16,4.27416755
2013,11,17,3.05405225
2013,11,18,3.96131748
2013,11,19,1.51065853
2013,11,20,1.41680351
2013,11,21,1.41680351
2013,11,22,1.41680351
2013,11,23,1.42723184
2013,11,24,1.43766018
2013,11,25,1.45851685
2013,11,26,11.0630142
2013,11,27,39.0109545
2013,11,28,4.52444762
2013,11,29,2.96019723
2013,11,30,2.55349213
2013,12,1,2.36578208
2013,12,2,2.36578208
2013,12,3,2.36578208
2013,12,4,2.24064205
2013,12,5,2.20935704
2013,12,6,12.4186979
2013,12,7,17.8414326
2013,12,8,3.93003247
2013,12,9,22.3256171
2013,12,10,9.70733057
2013,12,11,4.08645751
2013,12,12,3.35647399
2013,12,13,3.00191057
2013,12,14,7.66337673
2013,12,15,18.8842662
2013,12,16,5.66113623
2013,12,17,3.77360743
2013,12,18,3.22090562
2013,12,19,3.00191057
2013,12,20,3.57546905
2013,12,21,4.12817085
2013,12,22,4.9832944
2013,12,23,31.3982693
2013,12,24,6.51625978
2013,12,25,3.9404608
2013,12,26,3.41904401
2013,12,27,3.02276724
2013,12,28,2.92891222
2013,12,29,30.9811359
2013,12,30,6.79782485
2013,12,31,4.15945586
2014,1,1,3.26261897
2014,1,2,3.31476065
2014,1,3,3.6484674
2014,1,4,2.92891222
2014,1,5,4.16988419
2014,1,6,17.2157324
2014,1,7,3.45032902
2014,1,8,2.90805555
2014,1,9,2.75163051
2014,1,10,7.73637508
2014,1,11,50.2735573
2014,1,12,9.75947225
2014,1,13,5.70284958
2014,1,14,11.0525859
2014,1,15,6.22426637
2014,1,16,4.53487595
2014,1,17,3.85703412
2014,1,18,3.59632572
2014,1,19,3.18962062
2014,1,20,3.25219063
2014,1,21,3.14790727
2014,1,22,3.14790727
2014,1,23,3.10619393
2014,1,24,3.08533726
2014,1,25,3.14790727
2014,1,26,3.16876394
2014,1,27,3.50247069
2014,1,28,3.17919228
2014,1,29,2.85591387
2014,1,30,2.70991716
2014,1,31,2.9810539
2014,2,1,3.15833561
2014,2,2,3.65889573
2014,2,3,46.9364899
2014,2,4,6.53711645
2014,2,5,47.3536233
2014,2,6,7.75723175
2014,2,7,4.64958765
2014,2,8,3.66932407
2014,2,9,3.36690233
2014,2,10,3.26261897
2014,2,11,2.94976889
2014,2,12,2.81420052
2014,2,13,4.13859919
2014,2,14,7.50695169
2014,2,15,6.3494064
2014,2,16,4.18031253
2014,2,17,3.65889573
2014,2,18,5.80713294
2014,2,19,15.7557654
2014,2,20,15.4429153
2014,2,21,39.428088
2014,2,22,16.4857489
2014,2,23,10.3747441
2014,2,24,7.55909337
2014,2,25,4.89986771
2014,2,26,4.43059259
2014,2,27,3.65889573
2014,2,28,3.13747894
2014,3,1,2.77248718
2014,3,2,3.49204236
2014,3,3,7.2775283
2014,3,4,5.07714942
2014,3,5,4.07602917
2014,3,6,3.42947234
2014,3,7,3.23133396
2014,3,8,4.5765893
2014,3,9,4.35759424
2014,3,10,3.67975241
2014,3,11,3.5337557
2014,3,12,8.34121857
2014,3,13,4.80601269
2014,3,14,3.05405225
2014,3,15,2.92891222
2014,3,16,2.78291552
2014,3,17,4.84772603
2014,3,18,4.74344267
2014,3,19,12.4186979
2014,3,20,6.50583144
2014,3,21,3.75275076
2014,3,22,3.48161402
2014,3,23,3.04362391
2014,3,24,2.7203455
2014,3,25,3.59632572
2014,3,26,3.45032902
2014,3,27,2.6056338
2014,3,28,2.93934055
2014,3,29,28.2697685
2014,3,30,90.4226507
2014,3,31,18.6756995
2014,4,1,6.28683639
2014,4,2,4.81644102
2014,4,3,4.54530429
2014,4,4,4.67044432
2014,4,5,4.02388749
2014,4,6,3.39818734
2014,4,7,8.17436519
2014,4,8,5.56728121
2014,4,9,3.56504071
2014,4,10,3.10619393
2014,4,11,2.92891222
2014,4,12,2.92891222
2014,4,13,2.92891222
2014,4,14,2.75163051
2014,4,15,36.821004
2014,4,16,9.3944805
2014,4,17,4.11774251
2014,4,18,3.58589738
2014,4,19,3.32518898
2014,4,20,3.00191057
2014,4,21,2.92891222
2014,4,22,3.73189409
2014,4,23,3.83617744
2014,4,24,2.66820382
2014,4,25,9.2797688
2014,4,26,5.16057611
2014,4,27,3.13747894
2014,4,28,4.44102093
2014,4,29,26.8098015
2014,4,30,413.805348
2014,5,1,24.5155676
2014,5,2,9.05034541
2014,5,3,7.1315316
2014,5,4,4.9832944
2014,5,5,4.24288255
2014,5,6,3.83617744
2014,5,7,4.82686936
2014,5,8,3.56504071
2014,5,9,3.37733066
2014,5,10,7.0168199
2014,5,11,5.36914283
2014,5,12,4.64958765
2014,5,13,3.72146575
2014,5,14,2.99148223
2014,5,15,2.97062556
2014,5,16,91.674051
2014,5,17,7.46523835
2014,5,18,4.68087266
2014,5,19,3.81532077
2014,5,20,3.33561732
2014,5,21,5.0145794
2014,5,22,4.40973592
2014,5,23,2.97062556
2014,5,24,2.73077384
2014,5,25,2.70991716
2014,5,26,2.6056338
2014,5,27,10.3226024
2014,5,28,3.78403576
2014,5,29,6.26597972
2014,5,30,4.42016426
2014,5,31,2.68906049
2014,6,1,2.47006544
2014,6,2,2.32406873
2014,6,3,3.04362391
2014,6,4,3.65889573
2014,6,5,8.38293191
2014,6,6,2.53263545
2014,6,7,2.3136404
2014,6,8,2.1676437
2014,6,9,2.10507368
2014,6,10,4.87901104
2014,6,11,8.70621032
2014,6,12,9.36319549
2014,6,13,7.43395334
2014,6,14,3.22090562
2014,6,15,2.53263545
2014,6,16,2.53263545
2014,6,17,2.27192705
2014,6,18,7.52780836
2014,6,19,93.0297347
2014,6,20,4.99372273
2014,6,21,3.51289903
2014,6,22,2.9810539
2014,6,23,3.08533726
2014,6,24,2.48049377
2014,6,25,6.86039486
2014,6,26,5.77584793
2014,6,27,2.42835209
2014,6,28,2.15721536
2014,6,29,2.03207533
2014,6,30,2.03207533
2014,7,1,2.07378867
2014,7,2,2.00079032
2014,7,3,13.2529648
2014,7,4,4.30545256
2014,7,5,2.24064205
2014,7,6,2.07378867
2014,7,7,2.00079032
2014,7,8,3.81532077
2014,7,9,2.96019723
2014,7,10,2.3136404
2014,7,11,2.14678702
2014,7,12,1.9069353
2014,7,13,2.62649048
2014,7,14,12.1058478
2014,7,15,4.80601269
2014,7,16,3.52332737
2014,7,17,2.03207533
2014,7,18,1.9069353
2014,7,19,1.81308027
2014,7,20,1.81308027
2014,7,21,1.81308027
2014,7,22,1.78179527
2014,7,23,6.42240476
2014,7,24,2.84548553
2014,7,25,1.77136693
2014,7,26,1.70879691
2014,7,27,1.70879691
2014,7,28,1.87565029
2014,7,29,1.60451356
2014,7,30,1.60451356
2014,7,31,1.60451356
2014,8,1,1.60451356
2014,8,2,1.74008192
2014,8,3,10.8335909
2014,8,4,5.00415107
2014,8,5,1.80265194
2014,8,6,1.85479362
2014,8,7,1.65665523
2014,8,8,1.57322855
2014,8,9,1.54194354
2014,8,10,1.52108687
2014,8,11,1.5002302
2014,8,12,57.7819592
2014,8,13,5.50471119
2014,8,14,2.50135045
2014,8,15,2.1676437
2014,8,16,2.052932
2014,8,17,1.9069353
2014,8,18,1.9069353
2014,8,19,1.94864864
2014,8,20,1.83393695
2014,8,21,1.86522195
2014,8,22,1.70879691
2014,8,23,3.86746245
2014,8,24,2.07378867
2014,8,25,1.66708357
2014,8,26,1.62537023
2014,8,27,1.60451356
2014,8,28,1.60451356
2014,8,29,1.60451356
2014,8,30,1.60451356
2014,8,31,4.2011692
2014,9,1,2.70991716
2014,9,2,8.47678693
2014,9,3,3.62761073
2014,9,4,1.57322855
2014,9,5,1.55237188
2014,9,6,4.76429934
2014,9,7,2.13635869
2014,9,8,5.93227297
2014,9,9,1.67751191
2014,9,10,1.5002302
2014,9,11,1.46894519
2014,9,12,1.6462269
2014,9,13,1.48980186
2014,9,14,1.59408522
2014,9,15,1.5002302
2014,9,16,1.5002302
2014,9,17,1.5002302
2014,9,18,1.5002302
2014,9,19,1.56280021
2014,9,20,1.48980186
2014,9,21,1.47937352
2014,9,22,1.47937352
2014,9,23,1.47937352
2014,9,24,1.47937352
2014,9,25,23.472734
2014,9,26,1.75051026
2014,9,27,1.45851685
2014,9,28,1.45851685
2014,9,29,1.47937352
2014,9,30,3.26261897
2014,10,1,6.48497477
2014,10,2,1.51065853
2014,10,3,1.56280021
2014,10,4,3.55461237
2014,10,5,1.62537023
2014,10,6,1.56280021
2014,10,7,1.70879691
2014,10,8,4.44102093
2014,10,9,1.63579856
2014,10,10,1.70879691
2014,10,11,6.25555138
2014,10,12,1.75051026
2014,10,13,1.6462269
2014,10,14,1.6462269
2014,10,15,25.3498345
2014,10,16,4.35759424
2014,10,17,2.15721536
2014,10,18,1.96950531
2014,10,19,1.9069353
2014,10,20,1.88607863
2014,10,21,2.40749542
2014,10,22,23.7855841
2014,10,23,2.92891222
2014,10,24,2.09464534
2014,10,25,1.99036198
2014,10,26,1.94864864
2014,10,27,1.9069353
2014,10,28,1.87565029
2014,10,29,1.91736363
2014,10,30,2.12593035
2014,10,31,1.89650696
2014,11,1,1.88607863
2014,11,2,1.85479362
2014,11,3,1.85479362
2014,11,4,1.88607863
2014,11,5,1.91736363
2014,11,6,15.2343486
2014,11,7,2.51177878
2014,11,8,2.11550202
2014,11,9,2.07378867
2014,11,10,2.66820382
2014,11,11,2.32406873
2014,11,12,2.03207533
2014,11,13,2.01121866
2014,11,14,2.34492541
2014,11,15,1.97993365
2014,11,16,2.09464534
2014,11,17,23.6813007
2014,11,18,3.99260248
2014,11,19,2.30321206
2014,11,20,4.26373922
2014,11,21,2.04250366
2014,11,22,1.93822031
2014,11,23,1.93822031
2014,11,24,10.0514657
2014,11,25,2.43878043
2014,11,26,26.079818
2014,11,27,7.30881331
2014,11,28,3.47118569
2014,11,29,2.6056338
2014,11,30,2.42835209
2014,12,1,2.49092211
2014,12,2,7.74680342
2014,12,3,6.55797312
2014,12,4,2.59520547
2014,12,5,2.36578208
2014,12,6,7.83023011
2014,12,7,8.34121857
2014,12,8,2.74120217
2014,12,9,20.9699334
2014,12,10,5.90098796
2014,12,11,3.04362391
2014,12,12,2.64734715
2014,12,13,2.53263545
2014,12,14,2.53263545
2014,12,15,2.41792376
2014,12,16,10.3643157
2014,12,17,4.01345916
2014,12,18,2.65777548
2014,12,19,2.53263545
2014,12,20,2.37621041
2014,12,21,2.35535374
2014,12,22,2.88719887
2014,12,23,6.66225648
2014,12,24,39.6366547
2014,12,25,8.03879683
2014,12,26,3.98217415
2014,12,27,3.26261897
2014,12,28,3.00191057
2014,12,29,2.92891222
2014,12,30,2.74120217
2014,12,31,2.53263545
2015,1,1,2.43878043
2015,1,2,2.36578208
2015,1,3,5.30657281
2015,1,4,26.2883847
2015,1,5,5.89055962
2015,1,6,3.84660578
2015,1,7,3.18962062
2015,1,8,2.74120217
2015,1,9,2.88719887
2015,1,10,2.5743488
2015,1,11,2.39706709
2015,1,12,15.5471987
2015,1,13,6.74568317
2015,1,14,3.31476065
2015,1,15,2.99148223
2015,1,16,2.81420052
2015,1,17,2.62649048
2015,1,18,2.63691881
2015,1,19,2.85591387
2015,1,20,3.35647399
2015,1,21,2.74120217
2015,1,22,3.05405225
2015,1,23,3.43990068
2015,1,24,37.6552709
2015,1,25,5.32742948
2015,1,26,5.20228945
2015,1,27,3.97174581
2015,1,28,3.07490892
2015,1,29,2.62649048
2015,1,30,2.7203455
2015,1,31,3.03319558
2015,2,1,2.79334385
2015,2,2,12.3144146
2015,2,3,3.02276724
2015,2,4,2.75163051
2015,2,5,2.69948883
2015,2,6,2.53263545
2015,2,7,2.41792376
2015,2,8,2.36578208
2015,2,9,2.41792376
2015,2,10,3.1270506
2015,2,11,2.40749542
2015,2,12,2.27192705
2015,2,13,2.21978538
2015,2,14,2.25107038
2015,2,15,2.35535374
2015,2,16,2.68906049
2015,2,17,3.26261897
2015,2,18,2.39706709
2015,2,19,2.20935704
2015,2,20,2.4596371
2015,2,21,3.96131748
2015,2,22,13.5658149
2015,2,23,4.71215766
2015,2,24,3.14790727
2015,2,25,2.88719887
2015,2,26,3.17919228
2015,2,27,2.87677054
2015,2,28,2.78291552
2015,3,1,4.68087266
2015,3,2,10.155749
2015,3,3,4.66001598
2015,3,4,23.3684506
2015,3,5,30.8768525
2015,3,6,10.6145958
2015,3,7,7.36095499
2015,3,8,14.4000817
2015,3,9,19.9270998
2015,3,10,34.6310535
2015,3,11,26.2883847
2015,3,12,8.23693521
2015,3,13,5.3899995
2015,3,14,38.4895377
2015,3,15,7.60080672
2015,3,16,5.05629275
2015,3,17,4.33673757
2015,3,18,3.56504071
2015,3,19,3.387759
2015,3,20,8.4663586
2015,3,21,7.54866504
2015,3,22,4.77472768
2015,3,23,3.70060908
2015,3,24,3.32518898
2015,3,25,3.14790727
2015,3,26,17.5285825
2015,3,27,34.9439035
2015,3,28,5.36914283
2015,3,29,3.9404608
2015,3,30,3.73189409
2015,3,31,3.45032902
2015,4,1,3.26261897
2015,4,2,3.1270506
2015,4,3,3.61718239
2015,4,4,3.61718239
2015,4,5,2.96019723
2015,4,6,2.91848388
2015,4,7,3.02276724
2015,4,8,6.76653984
2015,4,9,3.47118569
2015,4,10,5.04586441
2015,4,11,3.08533726
2015,4,12,2.74120217
2015,4,13,2.74120217
2015,4,14,3.09576559
2015,4,15,3.16876394
2015,4,16,2.62649048
2015,4,17,4.92072438
2015,4,18,2.74120217
2015,4,19,2.65777548
2015,4,20,43.3908556
2015,4,21,4.50359094
2015,4,22,3.40861567
2015,4,23,3.02276724
2015,4,24,2.92891222
2015,4,25,2.92891222
2015,4,26,2.88719887
2015,4,27,2.69948883
2015,4,28,2.53263545
2015,4,29,2.48049377
2015,4,30,2.36578208
2015,5,1,2.36578208
2015,5,2,2.20935704
2015,5,3,2.20935704
2015,5,4,2.13635869
2015,5,5,2.09464534
2015,5,6,2.07378867
2015,5,7,2.07378867
2015,5,8,2.07378867
2015,5,9,1.93822031
2015,5,10,1.84436528
2015,5,11,1.81308027
2015,5,12,1.80265194
2015,5,13,1.77136693
2015,5,14,1.77136693
2015,5,15,1.9069353
2015,5,16,3.02276724
2015,5,17,2.12593035
2015,5,18,3.18962062
2015,5,19,15.9643321
2015,5,20,2.07378867
2015,5,21,2.15721536
2015,5,22,2.14678702
2015,5,23,2.04250366
2015,5,24,1.99036198
2015,5,25,1.93822031
2015,5,26,1.93822031
2015,5,27,2.01121866
2015,5,28,1.85479362
2015,5,29,1.83393695
2015,5,30,1.99036198
2015,5,31,1.83393695
2015,6,1,13.5658149
2015,6,2,6.3181214
2015,6,3,2.24064205
2015,6,4,2.00079032
2015,6,5,3.70060908
2015,6,6,1.94864864
2015,6,7,1.70879691
2015,6,8,65.7074945
2015,6,9,18.6756995
2015,6,10,3.69018074
2015,6,11,2.82462886
2015,6,12,2.56392046
2015,6,13,2.36578208
2015,6,14,5.25443113
2015,6,15,6.29726472
2015,6,16,2.24064205
2015,6,17,2.43878043
2015,6,18,14.191515
2015,6,19,2.66820382
2015,6,20,18.1542827
2015,6,21,17.1114491
2015,6,22,3.29390398
2015,6,23,16.0686155
2015,6,24,4.722586
2015,6,25,5.54642454
2015,6,26,5.2752878
2015,6,27,92.1954678
2015,6,28,9.60304721
2015,6,29,5.04586441
2015,6,30,4.25331088
2015,7,1,7.12110326
2015,7,2,5.0145794
2015,7,3,2.8663422
2015,7,4,4.94158105
2015,7,5,2.82462886
2015,7,6,5.54642454
2015,7,7,4.29502423
2015,7,8,2.55349213
2015,7,9,2.74120217
2015,7,10,2.36578208
2015,7,11,2.08421701
2015,7,12,2.04250366
2015,7,13,1.93822031
2015,7,14,2.23021371
2015,7,15,2.03207533
2015,7,16,1.91736363
2015,7,17,1.89650696
2015,7,18,3.57546905
2015,7,19,1.85479362
2015,7,20,1.70879691
2015,7,21,1.78179527
2015,7,22,1.83393695
2015,7,23,1.65665523
2015,7,24,1.62537023
2015,7,25,1.60451356
2015,7,26,1.6462269
2015,7,27,3.26261897
2015,7,28,1.59408522
2015,7,29,5.85927462
2015,7,30,6.54754479
2015,7,31,2.00079032
2015,8,1,1.60451356
2015,8,2,1.54194354
2015,8,3,1.5002302
2015,8,4,4.37845091
2015,8,5,1.55237188
2015,8,6,1.5002302
2015,8,7,1.5002302
2015,8,8,1.47937352
2015,8,9,1.46894519
2015,8,10,1.47937352
2015,8,11,5.51513953
2015,8,12,1.89650696
2015,8,13,1.46894519
2015,8,14,1.41680351
2015,8,15,1.41680351
2015,8,16,1.41680351
2015,8,17,1.42723184
2015,8,18,1.42723184
2015,8,19,1.45851685
2015,8,20,17.6328659
2015,8,21,3.10619393
2015,8,22,1.54194354
2015,8,23,1.48980186
2015,8,24,24.2027175
2015,8,25,4.66001598
2015,8,26,1.93822031
2015,8,27,1.66708357
2015,8,28,1.60451356
2015,8,29,1.60451356
2015,8,30,1.60451356
2015,8,31,1.60451356
2015,9,1,1.57322855
2015,9,2,1.5002302
2015,9,3,1.5002302
2015,9,4,1.45851685
2015,9,5,1.41680351
2015,9,6,1.41680351
2015,9,7,1.41680351
2015,9,8,1.43766018
2015,9,9,1.43766018
2015,9,10,16.0686155
2015,9,11,1.88607863
2015,9,12,23.2641673
2015,9,13,2.54306379
2015,9,14,1.75051026
2015,9,15,1.68794024
2015,9,16,1.65665523
2015,9,17,1.59408522
2015,9,18,1.5002302
2015,9,19,1.59408522
2015,9,20,1.57322855
2015,9,21,1.51065853
2015,9,22,1.57322855
2015,9,23,1.5002302
2015,9,24,1.5002302
2015,9,25,1.5002302
2015,9,26,1.5002302
2015,9,27,1.5002302
2015,9,28,1.5002302
2015,9,29,44.2251225
2015,9,30,54.4448917
2015,10,1,7.25667163
2015,10,2,18.6756995
2015,10,3,15.5471987
2015,10,4,2.82462886
2015,10,5,1.93822031
2015,10,6,1.7922236
2015,10,7,1.70879691
2015,10,8,1.82350861
2015,10,9,3.75275076
2015,10,10,2.052932
2015,10,11,1.70879691
2015,10,12,1.70879691
2015,10,13,1.72965359
2015,10,14,1.71922525
2015,10,15,1.71922525
2015,10,16,1.71922525
2015,10,17,1.71922525
2015,10,18,1.72965359
2015,10,19,1.71922525
2015,10,20,1.70879691
2015,10,21,1.69836858
2015,10,22,1.68794024
2015,10,23,1.69836858
2015,10,24,1.70879691
2015,10,25,1.71922525
2015,10,26,1.70879691
2015,10,27,1.70879691
2015,10,28,13.3572482
2015,10,29,6.3181214
2015,10,30,1.70879691
2015,10,31,1.74008192
2015,11,1,1.71922525
2015,11,2,1.80265194
2015,11,3,1.69836858
2015,11,4,1.77136693
2015,11,5,3.31476065
2015,11,6,2.70991716
2015,11,7,2.59520547
2015,11,8,2.07378867
2015,11,9,4.23245421
2015,11,10,13.9829483
2015,11,11,3.32518898
2015,11,12,4.68087266
2015,11,13,2.11550202
2015,11,14,1.93822031
2015,11,15,1.9069353
2015,11,16,1.89650696
2015,11,17,1.9069353
2015,11,18,2.00079032
2015,11,19,5.42128451
2015,11,20,3.17919228
2015,11,21,2.07378867
2015,11,22,2.07378867
2015,11,23,2.06336034
2015,11,24,2.07378867
2015,11,25,2.00079032
2015,11,26,1.96950531
2015,11,27,1.99036198
2015,11,28,2.07378867
2015,11,29,7.5382367
2015,11,30,2.13635869
2015,12,1,26.6012348
2015,12,2,10.2078907
2015,12,3,4.89986771
2015,12,4,3.2417623
2015,12,5,2.66820382
2015,12,6,2.47006544
2015,12,7,2.40749542
2015,12,8,2.27192705
2015,12,9,2.20935704
2015,12,10,2.17807203
2015,12,11,2.13635869
2015,12,12,2.09464534
2015,12,13,2.052932
2015,12,14,2.30321206
2015,12,15,3.43990068
2015,12,16,2.24064205
2015,12,17,7.69466174
2015,12,18,3.15833561
2015,12,19,2.28235539
2015,12,20,2.17807203
2015,12,21,2.13635869
2015,12,22,3.62761073
2015,12,23,15.1300653
2015,12,24,7.23581496
2015,12,25,47.3536233
2015,12,26,8.23693521
2015,12,27,4.32630923
2015,12,28,3.30433231
2015,12,29,21.0742167
2015,12,30,4.34716591
2015,12,31,4.15945586
2016,1,1,3.00191057
2016,1,2,2.75163051
2016,1,3,2.61606214
2016,1,4,2.79334385
2016,1,5,2.43878043
2016,1,6,2.34492541
2016,1,7,2.38663875
2016,1,8,2.62649048
2016,1,9,2.55349213
2016,1,10,42.035172
2016,1,11,4.47230594
2016,1,12,3.04362391
2016,1,13,2.85591387
2016,1,14,2.61606214
2016,1,15,3.6484674
2016,1,16,8.83135036
2016,1,17,3.16876394
2016,1,18,2.8663422
2016,1,19,2.38663875
2016,1,20,2.36578208
2016,1,21,2.37621041
2016,1,22,2.34492541
2016,1,23,4.33673757
2016,1,24,3.70060908
2016,1,25,5.30657281
2016,1,26,4.6078743
2016,1,27,7.10024659
2016,1,28,5.15014777
2016,1,29,4.67044432
2016,1,30,4.08645751
2016,1,31,6.65182815
2016,2,1,16.4857489
2016,2,2,12.9401147
2016,2,3,60.91046
2016,2,4,35.7781704
2016,2,5,10.9378742
2016,2,6,6.00527132
2016,2,7,4.67044432
2016,2,8,4.53487595
2016,2,9,9.6864739
2016,2,10,5.49428286
2016,2,11,3.89874746
2016,2,12,3.39818734
2016,2,13,3.13747894
2016,2,14,3.01233891
2016,2,15,3.33561732
2016,2,16,55.4877253
2016,2,17,7.48609502
2016,2,18,5.11886276
2016,2,19,3.9091758
2016,2,20,4.44102093
2016,2,21,4.91029605
2016,2,22,4.89986771
2016,2,23,16.798599
2016,2,24,52.9849247
2016,2,25,14.9214985
2016,2,26,5.2440028
2016,2,27,4.04474416
2016,2,28,3.71103741
2016,2,29,3.50247069
2016,3,1,3.16876394
2016,3,2,5.82798961
2016,3,3,3.17919228
2016,3,4,4.21159754
2016,3,5,3.33561732
2016,3,6,3.02276724
2016,3,7,2.79334385
2016,3,8,2.70991716
2016,3,9,2.65777548
2016,3,10,2.59520547
2016,3,11,2.55349213
2016,3,12,2.53263545
2016,3,13,5.28571614
2016,3,14,14.6086485
2016,3,15,3.60675405
2016,3,16,3.08533726
2016,3,17,2.91848388
2016,3,18,2.74120217
2016,3,19,5.36914283
2016,3,20,4.35759424
2016,3,21,2.92891222
2016,3,22,2.66820382
2016,3,23,2.59520547
2016,3,24,2.54306379
2016,3,25,3.22090562
2016,3,26,2.49092211
2016,3,27,2.49092211
2016,3,28,8.18479353
2016,3,29,2.67863216
2016,3,30,2.4596371
2016,3,31,2.47006544
2016,4,1,2.49092211
2016,4,2,3.51289903
2016,4,3,2.96019723
2016,4,4,3.9091758
2016,4,5,3.15833561
2016,4,6,2.51177878
2016,4,7,44.3294059
2016,4,8,5.25443113
2016,4,9,7.47566668
2016,4,10,4.43059259
2016,4,11,3.14790727
2016,4,12,3.39818734
2016,4,13,2.87677054
2016,4,14,2.78291552
2016,4,15,2.69948883
2016,4,16,2.64734715
2016,4,17,2.61606214
2016,4,18,2.54306379
2016,4,19,2.50135045
2016,4,20,2.39706709
2016,4,21,2.41792376
2016,4,22,2.36578208
2016,4,23,3.81532077
2016,4,24,2.42835209
2016,4,25,2.36578208
2016,4,26,2.36578208
2016,4,27,2.41792376
2016,4,28,4.97286606
2016,4,29,2.67863216
2016,4,30,2.38663875
2016,5,1,8.84177869
2016,5,2,6.32854973
2016,5,3,5.98441465
2016,5,4,7.80937343
2016,5,5,2.88719887
2016,5,6,35.4653203
2016,5,7,9.71775891
2016,5,8,4.03431583
2016,5,9,3.03319558
2016,5,10,3.36690233
2016,5,11,7.63209172
2016,5,12,4.00303082
2016,5,13,4.42016426
2016,5,14,4.70172933
2016,5,15,3.23133396
2016,5,16,2.64734715
2016,5,17,4.71215766
2016,5,18,2.8663422
2016,5,19,2.54306379
2016,5,20,2.39706709
2016,5,21,5.97398631
2016,5,22,6.04698466
2016,5,23,6.30769306
2016,5,24,3.95088914
2016,5,25,2.54306379
2016,5,26,2.35535374
2016,5,27,2.32406873
2016,5,28,2.23021371
2016,5,29,6.08869801
2016,5,30,4.00303082
2016,5,31,2.15721536
2016,6,1,2.03207533
2016,6,2,2.04250366
2016,6,3,2.78291552
2016,6,4,2.34492541
2016,6,5,9.61347555
2016,6,6,3.03319558
2016,6,7,2.09464534
2016,6,8,2.13635869
2016,6,9,2.49092211
2016,6,10,2.64734715
2016,6,11,2.69948883
2016,6,12,2.67863216
2016,6,13,2.93934055
2016,6,14,2.99148223
2016,6,15,4.00303082
2016,6,16,6.17212469
2016,6,17,5.18143278
2016,6,18,1.71922525
2016,6,19,1.63579856
2016,6,20,1.59408522
2016,6,21,9.85332728
2016,6,22,2.5743488
2016,6,23,4.25331088
2016,6,24,6.6101148
2016,6,25,2.29278373
2016,6,26,1.59408522
2016,6,27,1.58365688
2016,6,28,5.26485947
2016,6,29,2.37621041
2016,6,30,1.55237188
2016,7,1,1.5002302
2016,7,2,1.47937352
2016,7,3,1.5002302
2016,7,4,4.19074087
2016,7,5,10.4894558
2016,7,6,1.68794024
2016,7,7,1.57322855
2016,7,8,2.81420052
2016,7,9,1.94864864
2016,7,10,1.5002302
2016,7,11,1.5002302
2016,7,12,1.46894519
2016,7,13,1.55237188
2016,7,14,1.42723184
2016,7,15,1.40637517
2016,7,16,1.41680351
2016,7,17,1.41680351
2016,7,18,1.59408522
2016,7,19,1.6462269
2016,7,20,1.35423349
2016,7,21,1.31252015
2016,7,22,1.32294849
2016,7,23,1.32294849
2016,7,24,1.30209181
2016,7,25,2.87677054
2016,7,26,1.21866513
2016,7,27,1.18738012
2016,7,28,3.55461237
2016,7,29,21.6999169
2016,7,30,268.851478
2016,7,31,13.4615315
2016,8,1,2.79334385
2016,8,2,2.81420052
2016,8,3,1.70879691
2016,8,4,1.6462269
2016,8,5,1.67751191
2016,8,6,1.65665523
2016,8,7,1.61494189
2016,8,8,1.63579856
2016,8,9,1.61494189
2016,8,10,1.59408522
2016,8,11,1.55237188
2016,8,12,1.52108687
2016,8,13,1.46894519
2016,8,14,7.10024659
2016,8,15,16.5900323
2016,8,16,6.26597972
2016,8,17,13.4615315
2016,8,18,7.90322846
2016,8,19,1.67751191
2016,8,20,1.55237188
2016,8,21,6.40154808
2016,8,22,1.80265194
2016,8,23,1.54194354
2016,8,24,1.5002302
2016,8,25,1.46894519
2016,8,26,1.3855185
2016,8,27,1.30209181
2016,8,28,1.29166348
2016,8,29,1.29166348
2016,8,30,1.29166348
2016,8,31,1.34380516
2016,9,1,20.1356665
2016,9,2,1.30209181
2016,9,3,1.18738012
2016,9,4,1.19780845
2016,9,5,1.21866513
2016,9,6,1.14566677
2016,9,7,1.15609511
2016,9,8,1.15609511
2016,9,9,1.18738012
2016,9,10,1.20823679
2016,9,11,1.14566677
2016,9,12,1.14566677
2016,9,13,1.14566677
2016,9,14,1.1248101
2016,9,15,1.10395343
2016,9,16,1.10395343
2016,9,17,1.09352509
2016,9,18,1.09352509
2016,9,19,1.88607863
2016,9,20,1.26037847
2016,9,21,1.10395343
2016,9,22,1.07266842
2016,9,23,1.06224009
2016,9,24,1.05181175
2016,9,25,1.05181175
2016,9,26,1.06224009
2016,9,27,1.21866513
2016,9,28,1.45851685
2016,9,29,42.035172
2016,9,30,8.01794015
2016,10,1,11.8972811
2016,10,2,2.74120217
2016,10,3,1.9069353
2016,10,4,1.69836858
2016,10,5,1.60451356
2016,10,6,1.5002302
2016,10,7,1.48980186
2016,10,8,1.48980186
2016,10,9,1.41680351
2016,10,10,1.36466183
2016,10,11,1.33337682
2016,10,12,1.32294849
2016,10,13,1.36466183
2016,10,14,1.28123514
2016,10,15,1.28123514
2016,10,16,1.28123514
2016,10,17,1.28123514
2016,10,18,1.27080681
2016,10,19,1.26037847
2016,10,20,1.24995013
2016,10,21,3.32518898
2016,10,22,1.57322855
2016,10,23,1.30209181
2016,10,24,1.26037847
2016,10,25,1.22909346
2016,10,26,1.27080681
2016,10,27,1.58365688
2016,10,28,2.10507368
2016,10,29,1.31252015
2016,10,30,1.27080681
2016,10,31,1.30209181
2016,11,1,1.34380516
2016,11,2,1.46894519
2016,11,3,1.47937352
2016,11,4,1.30209181
2016,11,5,1.24995013
2016,11,6,1.22909346
2016,11,7,1.22909346
2016,11,8,1.2395218
2016,11,9,1.40637517
2016,11,10,1.69836858
2016,11,11,1.32294849
2016,11,12,1.24995013
2016,11,13,1.2395218
2016,11,14,1.24995013
2016,11,15,1.24995013
2016,11,16,1.28123514
2016,11,17,1.27080681
2016,11,18,1.27080681
2016,11,19,1.32294849
2016,11,20,1.91736363
2016,11,21,1.24995013
2016,11,22,1.24995013
2016,11,23,1.24995013
2016,11,24,1.29166348
2016,11,25,1.28123514
2016,11,26,1.28123514
2016,11,27,1.26037847
2016,11,28,1.27080681
2016,11,29,9.53004886
2016,11,30,24.2027175
2016,12,1,12.2101312
2016,12,2,2.37621041
2016,12,3,2.06336034
2016,12,4,1.85479362
2016,12,5,4.02388749
2016,12,6,18.4671328
2016,12,7,5.9114163
2016,12,8,2.4596371
2016,12,9,2.20935704
2016,12,10,1.99036198
2016,12,11,2.06336034
2016,12,12,4.73301433
2016,12,13,2.20935704
2016,12,14,2.00079032
2016,12,15,2.14678702
2016,12,16,2.28235539
2016,12,17,5.37957116
2016,12,18,9.98889564
2016,12,19,2.73077384
2016,12,20,2.18850037
2016,12,21,2.052932
2016,12,22,1.94864864
2016,12,23,1.91736363
2016,12,24,7.21495829
2016,12,25,2.4596371
2016,12,26,2.07378867
2016,12,27,2.01121866
2016,12,28,1.96950531
2016,12,29,3.54418404
2016,12,30,2.26149872
2016,12,31,1.96950531
2017,1,1,1.92779197
2017,1,2,3.91960413
2017,1,3,24.619851
2017,1,4,4.02388749
2017,1,5,2.59520547
2017,1,6,2.43878043
2017,1,7,2.28235539
2017,1,8,2.13635869
2017,1,9,2.052932
2017,1,10,2.052932
2017,1,11,3.35647399
2017,1,12,4.12817085
2017,1,13,4.21159754
2017,1,14,3.39818734
2017,1,15,3.73189409
2017,1,16,2.33449707
2017,1,17,3.21047729
2017,1,18,2.97062556
2017,1,19,2.29278373
2017,1,20,2.28235539
2017,1,21,2.26149872
2017,1,22,2.23021371
2017,1,23,28.4783353
2017,1,24,4.06560084
2017,1,25,2.26149872
2017,1,26,2.07378867
2017,1,27,2.02164699
2017,1,28,1.96950531
2017,1,29,1.91736363
2017,1,30,1.88607863
2017,1,31,1.83393695
2017,2,1,1.82350861
2017,2,2,1.77136693
2017,2,3,1.75051026
2017,2,4,1.74008192
2017,2,5,1.74008192
2017,2,6,1.72965359
2017,2,7,1.69836858
2017,2,8,1.75051026
2017,2,9,4.69130099
2017,2,10,1.86522195
2017,2,11,1.75051026
2017,2,12,4.42016426
2017,2,13,2.1676437
2017,2,14,1.91736363
2017,2,15,1.92779197
2017,2,16,1.9069353
2017,2,17,1.86522195
2017,2,18,1.82350861
2017,2,19,1.80265194
2017,2,20,1.75051026
2017,2,21,1.74008192
2017,2,22,1.75051026
2017,2,23,1.72965359
2017,2,24,1.84436528
2017,2,25,2.23021371
2017,2,26,2.14678702
2017,2,27,1.68794024
2017,2,28,1.75051026
2017,3,1,3.09576559
2017,3,2,1.91736363
2017,3,3,1.75051026
2017,3,4,1.75051026
2017,3,5,1.76093859
2017,3,6,1.78179527
2017,3,7,1.84436528
2017,3,8,2.20935704
2017,3,9,1.76093859
2017,3,10,2.92891222
2017,3,11,1.99036198
2017,3,12,1.68794024
2017,3,13,1.70879691
2017,3,14,5.82798961
2017,3,15,2.89762721
2017,3,16,2.51177878
2017,3,17,4.71215766
2017,3,18,14.4000817
2017,3,19,15.6514821
2017,3,20,3.86746245
2017,3,21,2.81420052
2017,3,22,2.23021371
2017,3,23,2.00079032
2017,3,24,1.94864864
2017,3,25,1.9069353
2017,3,26,1.87565029
2017,3,27,2.17807203
2017,3,28,2.8663422
2017,3,29,1.96950531
2017,3,30,1.82350861
2017,3,31,36.5081539
2017,4,1,3.91960413
2017,4,2,2.47006544
2017,4,3,2.51177878
2017,4,4,3.52332737
2017,4,5,2.14678702
2017,4,6,109.297939
2017,4,7,7.96579847
2017,4,8,3.5337557
2017,4,9,2.80377219
2017,4,10,2.52220712
2017,4,11,2.36578208
2017,4,12,2.34492541
2017,4,13,2.3136404
2017,4,14,2.23021371
2017,4,15,2.17807203
2017,4,16,2.13635869
2017,4,17,2.9810539
2017,4,18,2.25107038
2017,4,19,2.03207533
2017,4,20,16.9028824
2017,4,21,8.03879683
2017,4,22,4.79558435
2017,4,23,3.02276724
2017,4,24,2.65777548
2017,4,25,13.0443981
2017,4,26,3.59632572
2017,4,27,2.55349213
2017,4,28,2.21978538
2017,4,29,2.03207533
2017,4,30,1.92779197
2017,5,1,1.91736363
2017,5,2,2.03207533
2017,5,3,2.06336034
2017,5,4,2.18850037
2017,5,5,66.6460448
2017,5,6,4.82686936
2017,5,7,2.99148223
2017,5,8,2.3136404
2017,5,9,2.1676437
2017,5,10,2.06336034
2017,5,11,13.1486814
2017,5,12,3.37733066
2017,5,13,25.3498345
2017,5,14,3.43990068
2017,5,15,2.61606214
2017,5,16,2.3136404
2017,5,17,2.15721536
2017,5,18,2.03207533
2017,5,19,3.31476065
2017,5,20,2.38663875
2017,5,21,2.04250366
2017,5,22,8.727067
2017,5,23,2.58477713
2017,5,24,4.4618776
2017,5,25,96.6796522
2017,5,26,11.240296
2017,5,27,3.61718239
2017,5,28,2.93934055
2017,5,29,2.80377219
2017,5,30,2.64734715
2017,5,31,2.64734715
2017,6,1,2.52220712
2017,6,2,2.44920877
2017,6,3,2.41792376
2017,6,4,2.36578208
2017,6,5,2.5743488
2017,6,6,2.50135045
2017,6,7,2.34492541
2017,6,8,2.38663875
2017,6,9,2.29278373
2017,6,10,2.17807203
2017,6,11,2.07378867
2017,6,12,2.01121866
2017,6,13,1.99036198
2017,6,14,2.10507368
2017,6,15,2.09464534
2017,6,16,2.09464534
2017,6,17,2.12593035
2017,6,18,2.06336034
2017,6,19,20.4485166
2017,6,20,3.85703412
2017,6,21,2.8350572
2017,6,22,2.21978538
2017,6,23,2.18850037
2017,6,24,6.71439816
2017,6,25,1.89650696
2017,6,26,1.80265194
2017,6,27,1.72965359
2017,6,28,1.70879691
2017,6,29,1.71922525
2017,6,30,1.71922525
2017,7,1,3.6484674
2017,7,2,2.09464534
2017,7,3,1.61494189
2017,7,4,1.72965359
2017,7,5,1.86522195
2017,7,6,20.9699334
2017,7,7,3.17919228
2017,7,8,1.96950531
2017,7,9,1.75051026
2017,7,10,1.67751191
2017,7,11,1.65665523
2017,7,12,1.66708357
2017,7,13,1.68794024
2017,7,14,1.6462269
2017,7,15,1.69836858
2017,7,16,1.68794024
2017,7,17,2.81420052
2017,7,18,19.8228164
2017,7,19,2.97062556
2017,7,20,1.75051026
2017,7,21,1.61494189
2017,7,22,1.87565029
2017,7,23,2.47006544
2017,7,24,7.1315316
2017,7,25,2.1676437
2017,7,26,1.62537023
2017,7,27,1.92779197
2017,7,28,12.2101312
2017,7,29,21.9084836
2017,7,30,1.96950531
2017,7,31,1.57322855
2017,8,1,3.70060908
2017,8,2,1.54194354
2017,8,3,1.61494189
2017,8,4,2.01121866
2017,8,5,2.20935704
2017,8,6,1.5315152
2017,8,7,3.59632572
2017,8,8,1.76093859
2017,8,9,1.47937352
2017,8,10,1.43766018
2017,8,11,1.78179527
2017,8,12,39.9495048
2017,8,13,4.52444762
2017,8,14,1.88607863
2017,8,15,25.0369844
2017,8,16,2.43878043
2017,8,17,1.78179527
2017,8,18,8.96691872
2017,8,19,3.07490892
2017,8,20,2.32406873
2017,8,21,1.57322855
2017,8,22,2.052932
2017,8,23,5.62985122
2017,8,24,1.52108687
2017,8,25,1.93822031
2017,8,26,1.47937352
2017,8,27,1.45851685
2017,8,28,1.46894519
2017,8,29,8.57064196
2017,8,30,1.95907698
2017,8,31,1.51065853
2017,9,1,1.48980186
2017,9,2,12.8358314
2017,9,3,1.95907698
2017,9,4,1.57322855
2017,9,5,17.4242992
2017,9,6,10.3643157
2017,9,7,2.63691881
2017,9,8,1.46894519
2017,9,9,1.39594684
2017,9,10,1.34380516
2017,9,11,1.32294849
2017,9,12,1.32294849
2017,9,13,1.3855185
2017,9,14,1.39594684
2017,9,15,1.34380516
2017,9,16,1.32294849
2017,9,17,1.34380516
2017,9,18,1.34380516
2017,9,19,1.32294849
2017,9,20,1.32294849
2017,9,21,1.33337682
2017,9,22,1.32294849
2017,9,23,1.30209181
2017,9,24,1.33337682
2017,9,25,1.33337682
2017,9,26,1.32294849
2017,9,27,1.30209181
2017,9,28,1.29166348
2017,9,29,1.28123514
2017,9,30,1.28123514
2017,10,1,1.28123514
2017,10,2,1.29166348
2017,10,3,1.26037847
2017,10,4,1.27080681
2017,10,5,1.28123514
2017,10,6,1.31252015
2017,10,7,1.33337682
2017,10,8,1.44808852
2017,10,9,13.3572482
2017,10,10,1.43766018
2017,10,11,1.41680351
2017,10,12,13.1486814
2017,10,13,1.40637517
2017,10,14,1.29166348
2017,10,15,1.34380516
2017,10,16,1.45851685
2017,10,17,1.3855185
2017,10,18,1.37509016
2017,10,19,1.35423349
2017,10,20,1.33337682
2017,10,21,1.31252015
2017,10,22,1.31252015
2017,10,23,1.32294849
2017,10,24,2.1676437
2017,10,25,1.45851685
2017,10,26,1.35423349
2017,10,27,1.36466183
2017,10,28,1.36466183
2017,10,29,17.5285825
2017,10,30,8.53935695
2017,10,31,1.51065853
2017,11,1,1.35423349
2017,11,2,1.35423349
2017,11,3,1.3855185
2017,11,4,1.6462269
2017,11,5,5.33785782
2017,11,6,1.66708357
2017,11,7,21.5956335
2017,11,8,2.77248718
2017,11,9,1.40637517
2017,11,10,1.51065853
2017,11,11,1.47937352
2017,11,12,1.75051026
2017,11,13,1.72965359
2017,11,14,1.48980186
2017,11,15,1.41680351
2017,11,16,1.43766018
2017,11,17,1.43766018
2017,11,18,1.40637517
2017,11,19,2.88719887
2017,11,20,1.55237188
2017,11,21,1.43766018
2017,11,22,1.45851685
2017,11,23,1.48980186
2017,11,24,1.67751191
2017,11,25,1.57322855
2017,11,26,1.74008192
2017,11,27,2.06336034
2017,11,28,2.24064205
2017,11,29,1.37509016
2017,11,30,1.46894519
2017,12,1,1.75051026
2017,12,2,1.51065853
2017,12,3,1.56280021
2017,12,4,1.84436528
2017,12,5,2.21978538
2017,12,6,2.54306379
2017,12,7,1.51065853
2017,12,8,1.48980186
2017,12,9,1.84436528
2017,12,10,2.15721536
2017,12,11,1.54194354
2017,12,12,1.60451356
2017,12,13,1.47937352
2017,12,14,1.59408522
2017,12,15,1.83393695
2017,12,16,1.9069353
2017,12,17,1.9069353
2017,12,18,1.48980186
2017,12,19,1.44808852
2017,12,20,1.44808852
2017,12,21,1.52108687
2017,12,22,1.62537023
2017,12,23,5.25443113
2017,12,24,2.96019723
2017,12,25,2.03207533
2017,12,26,1.96950531
2017,12,27,1.92779197
2017,12,28,1.86522195
2017,12,29,1.85479362
2017,12,30,1.88607863
2017,12,31,1.85479362
2018,1,12,7.36095499
2018,1,13,10.8023058
2018,1,14,2.64734715
2018,1,15,2.43878043
2018,1,16,2.38663875
2018,1,17,2.24064205
2018,1,18,2.08421701
2018,1,19,1.66708357
2018,1,20,1.69836858
2018,1,21,1.69836858
2018,1,22,1.69836858
2018,1,23,4.3158809
2018,1,24,1.85479362
2018,1,25,1.60451356
2018,1,26,1.55237188
2018,1,27,1.54194354
2018,1,28,2.29278373
2018,1,29,1.78179527
2018,1,30,1.62537023
2018,1,31,1.56280021
2018,2,1,1.5315152
2018,2,2,2.1989287
2018,2,3,1.58365688
2018,2,4,36.821004
2018,2,5,7.44438168
2018,2,6,2.87677054
2018,2,7,17.945716
2018,2,8,4.33673757
2018,2,9,2.91848388
2018,2,10,7.56952171
2018,2,11,35.5696037
2018,2,12,4.66001598
2018,2,13,3.11662227
2018,2,14,2.88719887
2018,2,15,3.04362391
2018,2,16,8.57064196
2018,2,17,3.71103741
2018,2,18,8.24736354
2018,2,19,3.91960413
2018,2,20,7.37138333
2018,2,21,2.96019723
2018,2,22,5.46299785
2018,2,23,5.70284958
2018,2,24,3.21047729
2018,2,25,14.9214985
2018,2,26,3.75275076
2018,2,27,2.96019723
2018,2,28,2.7203455
2018,3,1,10.9795876
2018,3,2,18.4671328
2018,3,3,3.34604566
2018,3,4,2.89762721
2018,3,5,2.77248718