day,month,year,no3_mgNpl
1,1,2008,2.15122929
2,1,2008,2.23441059
3,1,2008,2.27322182
4,1,2008,2.2962879
5,1,2008,2.3538785
6,1,2008,2.13490276
7,1,2008,2.39224062
8,1,2008,2.41869509
9,1,2008,2.42842321
10,1,2008,2.44130967
11,1,2008,2.09682236
12,1,2008,2.45002546
13,1,2008,2.42199071
14,1,2008,2.45887969
15,1,2008,2.53900798
16,1,2008,2.57337883
17,1,2008,2.54780926
18,1,2008,2.28558779
19,1,2008,2.10521195
20,1,2008,2.51787309
21,1,2008,2.59472978
22,1,2008,2.59309809
23,1,2008,2.64350298
24,1,2008,2.62948303
25,1,2008,2.67663001
26,1,2008,2.67286416
27,1,2008,2.70004378
28,1,2008,2.69846745
29,1,2008,2.62887289
30,1,2008,2.34094538
31,1,2008,2.69641804
1,2,2008,1.70334108
2,2,2008,1.63228865
3,2,2008,1.93483517
4,2,2008,2.0829798
5,2,2008,2.24327322
6,2,2008,2.31132084
7,2,2008,2.3645112
8,2,2008,2.38490909
9,2,2008,2.41497647
10,2,2008,2.41832051
11,2,2008,2.44194981
12,2,2008,2.40447917
13,2,2008,2.3982477
14,2,2008,2.38029663
15,2,2008,2.40286317
16,2,2008,2.46880359
17,2,2008,2.52059429
18,2,2008,2.4198569
19,2,2008,2.58616831
20,2,2008,2.57791915
21,2,2008,2.59352465
22,2,2008,2.60519874
23,2,2008,2.61428624
24,2,2008,2.63048822
25,2,2008,2.64357471
26,2,2008,2.53772961
27,2,2008,2.02127112
28,2,2008,2.59742735
29,2,2008,2.64675462
1,3,2008,2.63417235
2,3,2008,2.66511504
3,3,2008,2.66317732
4,3,2008,2.65401279
5,3,2008,1.78594661
6,3,2008,2.57639026
7,3,2008,1.91544988
8,3,2008,2.12113813
9,3,2008,2.49527834
10,3,2008,2.54285207
11,3,2008,2.42656111
12,3,2008,2.57023905
13,3,2008,2.59225478
14,3,2008,2.58907402
15,3,2008,2.59806929
16,3,2008,2.31426138
17,3,2008,2.57498373
18,3,2008,2.57005382
19,3,2008,1.69172556
20,3,2008,1.94305613
21,3,2008,2.38230922
22,3,2008,2.38651387
23,3,2008,2.45791669
24,3,2008,2.48165266
25,3,2008,2.49070588
26,3,2008,2.50700291
27,3,2008,2.51266167
28,3,2008,2.51060868
29,3,2008,2.48382678
30,3,2008,2.52282526
31,3,2008,2.50335458
1,4,2008,2.49466442
2,4,2008,2.50626909
3,4,2008,1.97703404
4,4,2008,1.81001341
5,4,2008,2.37468875
6,4,2008,2.08738921
7,4,2008,2.40208418
8,4,2008,2.42368349
9,4,2008,2.44530959
10,4,2008,2.42898262
11,4,2008,2.40197998
12,4,2008,2.16056732
13,4,2008,2.41999213
14,4,2008,2.41337303
15,4,2008,2.42344485
16,4,2008,2.41160107
17,4,2008,2.41981467
18,4,2008,2.42285048
19,4,2008,2.40773548
20,4,2008,1.90665669
21,4,2008,1.63664664
22,4,2008,2.27543012
23,4,2008,2.30298037
24,4,2008,2.33303736
25,4,2008,2.33650409
26,4,2008,2.33556575
27,4,2008,1.75451293
28,4,2008,1.53157078
29,4,2008,1.91140939
30,4,2008,2.00234107
1,5,2008,2.03252918
2,5,2008,2.08865151
3,5,2008,2.10457166
4,5,2008,2.12408117
5,5,2008,2.15680669
6,5,2008,2.14304395
7,5,2008,2.17060653
8,5,2008,2.06172829
9,5,2008,1.48794024
10,5,2008,1.72665576
11,5,2008,1.52691248
12,5,2008,1.54840577
13,5,2008,1.4915192
14,5,2008,1.51848221
15,5,2008,1.63818287
16,5,2008,1.40724222
17,5,2008,1.76077552
18,5,2008,1.66305939
19,5,2008,1.84545202
20,5,2008,1.41003065
21,5,2008,1.76061022
22,5,2008,1.82847105
23,5,2008,1.82266868
24,5,2008,1.8095361
25,5,2008,1.7927526
26,5,2008,1.84132764
27,5,2008,1.9369133
28,5,2008,1.93840941
29,5,2008,2.04763407
30,5,2008,2.10541539
31,5,2008,1.70152371
1,6,2008,2.1427151
2,6,2008,2.17166441
3,6,2008,2.22009346
4,6,2008,1.5279587
5,6,2008,1.8416196
6,6,2008,2.20373926
7,6,2008,2.19839487
8,6,2008,2.20683912
9,6,2008,2.22618692
10,6,2008,2.22918012
11,6,2008,1.56174744
12,6,2008,2.21489656
13,6,2008,2.24356289
14,6,2008,1.9380221
15,6,2008,2.26150558
16,6,2008,1.90407489
17,6,2008,2.23298886
18,6,2008,2.26529114
19,6,2008,2.25935053
20,6,2008,2.26952807
21,6,2008,2.26802831
22,6,2008,2.26138505
23,6,2008,2.26549769
24,6,2008,2.2699407
25,6,2008,2.25877097
26,6,2008,2.25196511
27,6,2008,1.87966692
28,6,2008,2.27796336
29,6,2008,1.88288998
30,6,2008,2.26467645
1,7,2008,2.27172681
2,7,2008,2.22405052
3,7,2008,2.22519121
4,7,2008,2.20798565
5,7,2008,2.21730884
6,7,2008,2.17181932
7,7,2008,2.23350345
8,7,2008,2.12202485
9,7,2008,1.40756755
10,7,2008,2.28299211
11,7,2008,2.26021605
12,7,2008,2.23951153
13,7,2008,2.27192247
14,7,2008,1.60919545
15,7,2008,2.28608093
16,7,2008,2.2427547
17,7,2008,2.2699716
18,7,2008,2.18964837
19,7,2008,1.30116636
20,7,2008,2.20450547
21,7,2008,2.24025162
22,7,2008,2.28649851
23,7,2008,1.52598229
24,7,2008,1.35001206
25,7,2008,1.90531505
26,7,2008,1.99423388
27,7,2008,1.79471363
28,7,2008,2.16582004
29,7,2008,2.1593104
30,7,2008,2.2216054
31,7,2008,2.1836595
1,8,2008,2.23564462
2,8,2008,1.45224598
3,8,2008,2.2166301
4,8,2008,2.2427517
5,8,2008,2.24763941
6,8,2008,2.24726229
7,8,2008,2.19749193
8,8,2008,2.30520949
9,8,2008,2.31503163
10,8,2008,2.31471443
11,8,2008,2.31315666
12,8,2008,2.28518725
13,8,2008,2.28271464
14,8,2008,2.30306448
15,8,2008,2.27254847
16,8,2008,2.2474747
17,8,2008,2.15568354
18,8,2008,2.09971604
19,8,2008,1.99206142
20,8,2008,2.02759662
21,8,2008,1.82914706
22,8,2008,1.86433327
23,8,2008,1.71770731
24,8,2008,1.7445383
25,8,2008,1.62406764
26,8,2008,1.70340138
27,8,2008,1.55505707
28,8,2008,2.32004798
29,8,2008,1.57474958
30,8,2008,2.06438615
31,8,2008,2.10503135
1,9,2008,2.07081647
2,9,2008,1.88942959
3,9,2008,2.02402942
4,9,2008,1.7454238
5,9,2008,1.78218801
6,9,2008,1.21851455
7,9,2008,2.33436497
8,9,2008,2.33014954
9,9,2008,2.33363745
10,9,2008,2.3038548
11,9,2008,2.30666063
12,9,2008,1.8467035
13,9,2008,1.26372006
14,9,2008,2.23254474
15,9,2008,2.31626752
16,9,2008,2.30815887
17,9,2008,2.33733172
18,9,2008,2.35141946
19,9,2008,2.34488144
20,9,2008,2.34624785
21,9,2008,2.34693916
22,9,2008,2.33434787
23,9,2008,2.33494897
24,9,2008,2.29901201
25,9,2008,2.34729698
26,9,2008,1.99677636
27,9,2008,1.30608711
28,9,2008,1.40279361
29,9,2008,1.50249901
30,9,2008,1.47606941
1,10,2008,1.65491534
2,10,2008,1.74064352
3,10,2008,1.82260957
4,10,2008,1.83754141
5,10,2008,1.8875033
6,10,2008,1.89644291
7,10,2008,1.94159765
8,10,2008,1.91711506
9,10,2008,1.85753846
10,10,2008,1.84418413
11,10,2008,1.86588815
12,10,2008,2.01969252
13,10,2008,2.09165798
14,10,2008,2.14262979
15,10,2008,2.18712814
16,10,2008,2.20742407
17,10,2008,2.2610619
18,10,2008,2.23788006
19,10,2008,2.31936802
20,10,2008,2.33445593
21,10,2008,2.36736376
22,10,2008,2.35702537
23,10,2008,2.38211412
24,10,2008,2.37777746
25,10,2008,1.32324092
26,10,2008,2.31662288
27,10,2008,2.3093969
28,10,2008,1.69005288
29,10,2008,2.3530514
30,10,2008,2.36528
31,10,2008,2.39005084
1,11,2008,2.41570574
2,11,2008,2.38382038
3,11,2008,2.42333212
4,11,2008,2.43285183
5,11,2008,2.42261454
6,11,2008,2.40374935
7,11,2008,2.44520442
8,11,2008,2.444264
9,11,2008,2.48265355
10,11,2008,2.48767288
11,11,2008,2.51348884
12,11,2008,2.50945732
13,11,2008,1.48557568
14,11,2008,2.41309902
15,11,2008,1.47724545
16,11,2008,2.30085384
17,11,2008,2.37223473
18,11,2008,2.41542591
19,11,2008,2.47539971
20,11,2008,2.49730288
21,11,2008,2.47441763
22,11,2008,2.53085998
23,11,2008,2.54871304
24,11,2008,2.55959441
25,11,2008,2.21459831
26,11,2008,2.55678244
27,11,2008,2.55079028
28,11,2008,2.57955913
29,11,2008,2.59358558
30,11,2008,1.6044838
1,12,2008,2.04987811
2,12,2008,2.52956741
3,12,2008,2.55073573
4,12,2008,2.60427081
5,12,2008,2.60000692
6,12,2008,2.60086168
7,12,2008,2.6539885
8,12,2008,2.64746045
9,12,2008,2.67121211
10,12,2008,1.98378699
11,12,2008,1.53733162
12,12,2008,1.55216466
13,12,2008,1.95215705
14,12,2008,2.01571536
15,12,2008,1.89289179
16,12,2008,1.91276496
17,12,2008,1.64370258
18,12,2008,2.07674472
19,12,2008,1.59542093
20,12,2008,2.00669115
21,12,2008,2.06578626
22,12,2008,2.12349329
23,12,2008,2.16015728
24,12,2008,2.14757294
25,12,2008,2.19492917
26,12,2008,2.22943476
27,12,2008,2.13836401
28,12,2008,2.32181381
29,12,2008,2.33810551
30,12,2008,2.37825408
31,12,2008,2.39876561
1,1,2009,2.44230782
2,1,2009,2.46012264
3,1,2009,2.51935181
4,1,2009,2.54165319
5,1,2009,2.58458158
6,1,2009,2.53237776
7,1,2009,1.61913875
8,1,2009,1.78517673
9,1,2009,2.30013651
10,1,2009,2.30720996
11,1,2009,2.29535991
12,1,2009,2.43212647
13,1,2009,2.51149903
14,1,2009,2.52942037
15,1,2009,2.55787712
16,1,2009,2.57037651
17,1,2009,2.60366063
18,1,2009,2.58627951
19,1,2009,2.60934304
20,1,2009,2.58520606
21,1,2009,2.62648843
22,1,2009,2.64572557
23,1,2009,2.6933791
24,1,2009,2.71408648
25,1,2009,2.74111151
26,1,2009,2.74143507
27,1,2009,2.76389841
28,1,2009,2.68793464
29,1,2009,2.76294918
30,1,2009,2.76617221
31,1,2009,2.78710589
1,2,2009,2.79422816
2,2,2009,2.81137301
3,2,2009,2.63359091
4,2,2009,2.76686215
5,2,2009,2.80702188
6,2,2009,2.80956081
7,2,2009,2.81742828
8,2,2009,2.82543522
9,2,2009,2.43090943
10,2,2009,2.79729789
11,2,2009,2.81249967
12,2,2009,2.81462039
13,2,2009,2.81554904
14,2,2009,2.81133084
15,2,2009,2.82151742
16,2,2009,2.80162608
17,2,2009,2.80862623
18,2,2009,2.67997457
19,2,2009,2.80524211
20,2,2009,2.80876273
21,2,2009,2.79540472
22,2,2009,2.7950685
23,2,2009,2.78083031
24,2,2009,2.77985105
25,2,2009,2.76631196
26,2,2009,2.77017433
27,2,2009,2.76459243
28,2,2009,2.76241054
1,3,2009,2.74022225
2,3,2009,2.71785231
3,3,2009,2.74589583
4,3,2009,2.74718922
5,3,2009,2.72302532
6,3,2009,2.72465864
7,3,2009,2.70376578
8,3,2009,2.70613178
9,3,2009,2.68886406
10,3,2009,2.68126972
11,3,2009,2.67284117
12,3,2009,2.65103818
13,3,2009,2.65320421
14,3,2009,2.64142402
15,3,2009,2.66160453
16,3,2009,2.62327378
17,3,2009,2.67575398
18,3,2009,2.60906326
19,3,2009,2.6286602
20,3,2009,2.58997341
21,3,2009,2.58917481
22,3,2009,2.56334049
23,3,2009,2.56240116
24,3,2009,2.52733092
25,3,2009,2.53830317
26,3,2009,2.18453615
27,3,2009,2.58641935
28,3,2009,1.67116761
29,3,2009,2.09743881
30,3,2009,2.56070305
31,3,2009,2.56703609
1,4,2009,2.58050855
2,4,2009,2.58814641
3,4,2009,1.73492584
4,4,2009,2.09389363
5,4,2009,2.15869761
6,4,2009,2.00035808
7,4,2009,2.26914123
8,4,2009,2.29523472
9,4,2009,2.32280349
10,4,2009,2.32634667
11,4,2009,1.59632013
12,4,2009,2.25433757
13,4,2009,2.23358464
14,4,2009,2.06712284
15,4,2009,1.5356684
16,4,2009,2.03673709
17,4,2009,2.09918772
18,4,2009,2.14926671
19,4,2009,2.21387357
20,4,2009,1.62035778
21,4,2009,1.84435049
22,4,2009,1.94056453
23,4,2009,2.03553118
24,4,2009,2.09308206
25,4,2009,2.11002991
26,4,2009,2.15458632
27,4,2009,2.14857035
28,4,2009,2.17597159
29,4,2009,2.16548564
30,4,2009,2.20950214
1,5,2009,2.10168099
2,5,2009,2.19871383
3,5,2009,1.5162328
4,5,2009,1.45348987
5,5,2009,1.74355832
6,5,2009,1.45951334
7,5,2009,1.62402092
8,5,2009,1.93520733
9,5,2009,1.9544725
10,5,2009,2.06365759
11,5,2009,2.07047495
12,5,2009,2.12705495
13,5,2009,2.16769174
14,5,2009,1.97821681
15,5,2009,2.16771676
16,5,2009,1.92147038
17,5,2009,2.11567056
18,5,2009,2.15984693
19,5,2009,2.17419663
20,5,2009,2.26193917
21,5,2009,2.3049618
22,5,2009,2.31186144
23,5,2009,2.32652763
24,5,2009,2.3256955
25,5,2009,2.33056033
26,5,2009,1.81009816
27,5,2009,2.3251759
28,5,2009,2.19119934
29,5,2009,2.16100387
30,5,2009,2.32513005
31,5,2009,2.32446282
1,6,2009,2.29868807
2,6,2009,2.28517603
3,6,2009,1.65496645
4,6,2009,1.70888969
5,6,2009,1.4043956
6,6,2009,2.1868829
7,6,2009,2.28429896
8,6,2009,2.30758044
9,6,2009,1.82476067
10,6,2009,1.35473483
11,6,2009,2.08657197
12,6,2009,2.12422403
13,6,2009,1.98990336
14,6,2009,2.20617499
15,6,2009,2.25827781
16,6,2009,2.24437026
17,6,2009,2.10093724
18,6,2009,1.35685895
19,6,2009,2.12434247
20,6,2009,1.81512171
21,6,2009,2.13849153
22,6,2009,2.20772058
23,6,2009,2.21246088
24,6,2009,2.28188293
25,6,2009,2.30407023
26,6,2009,2.31679217
27,6,2009,2.31867309
28,6,2009,2.32397178
29,6,2009,2.32464894
30,6,2009,2.32736934
1,7,2009,2.3214099
2,7,2009,2.32081931
3,7,2009,2.3295564
4,7,2009,2.31911137
5,7,2009,2.30884712
6,7,2009,2.27216227
7,7,2009,2.20104338
8,7,2009,2.20330816
9,7,2009,2.06173006
10,7,2009,2.0843172
11,7,2009,1.96510623
12,7,2009,2.01081549
13,7,2009,1.85336577
14,7,2009,1.88079593
15,7,2009,1.6579738
16,7,2009,1.76037261
17,7,2009,1.7120461
18,7,2009,1.60218692
19,7,2009,1.72095965
20,7,2009,1.45339115
21,7,2009,1.61508621
22,7,2009,2.27871472
23,7,2009,2.10578219
24,7,2009,1.71667119
25,7,2009,2.13894532
26,7,2009,2.30375726
27,7,2009,1.84765771
28,7,2009,1.90165518
29,7,2009,1.80994082
30,7,2009,1.82131609
31,7,2009,2.34948285
1,8,2009,1.79643787
2,8,2009,2.10120293
3,8,2009,1.96531737
4,8,2009,1.93451943
5,8,2009,1.80829267
6,8,2009,1.93286263
7,8,2009,1.73390722
8,8,2009,1.96175711
9,8,2009,1.61193597
10,8,2009,2.34800813
11,8,2009,1.81644235
12,8,2009,1.80787342
13,8,2009,1.97315261
14,8,2009,1.67661881
15,8,2009,1.83340864
16,8,2009,1.57514891
17,8,2009,1.57928431
18,8,2009,1.72085135
19,8,2009,1.89237069
20,8,2009,1.84567503
21,8,2009,1.52241375
22,8,2009,2.28115473
23,8,2009,2.12064063
24,8,2009,2.08226873
25,8,2009,1.90176842
26,8,2009,1.93745483
27,8,2009,1.27730641
28,8,2009,1.49844032
29,8,2009,1.41596057
30,8,2009,2.34166344
31,8,2009,2.38117133
1,9,2009,2.38944483
2,9,2009,2.37098036
3,9,2009,2.33768573
4,9,2009,2.3381383
5,9,2009,2.31393151
6,9,2009,2.27815085
7,9,2009,2.31328909
8,9,2009,2.28674294
9,9,2009,2.35265789
10,9,2009,2.31882014
11,9,2009,1.26414779
12,9,2009,1.80631474
13,9,2009,1.98870512
14,9,2009,2.10604092
15,9,2009,2.21700628
16,9,2009,2.29772261
17,9,2009,2.29197085
18,9,2009,2.34444318
19,9,2009,2.33065458
20,9,2009,2.35407319
21,9,2009,2.3758483
22,9,2009,2.38701755
23,9,2009,2.34342283
24,9,2009,2.33489778
25,9,2009,2.24155205
26,9,2009,1.25486458
27,9,2009,1.60691049
28,9,2009,2.34941569
29,9,2009,2.40168287
30,9,2009,2.40437423
1,10,2009,2.45553822
2,10,2009,2.45839557
3,10,2009,2.46462424
4,10,2009,2.46068056
5,10,2009,2.47034776
6,10,2009,2.47040974
7,10,2009,2.47097467
8,10,2009,2.48094671
9,10,2009,2.49341383
10,10,2009,2.48992245
11,10,2009,2.48302267
12,10,2009,2.500437
13,10,2009,2.46184223
14,10,2009,2.47730859
15,10,2009,1.35505644
16,10,2009,1.59595053
17,10,2009,1.22993397
18,10,2009,1.25550606
19,10,2009,1.61087543
20,10,2009,1.70437798
21,10,2009,1.84298052
22,10,2009,1.93911799
23,10,2009,1.984654
24,10,2009,2.01094415
25,10,2009,2.01394912
26,10,2009,1.73657495
27,10,2009,1.91527
28,10,2009,1.83499428
29,10,2009,1.95673144
30,10,2009,1.94952573
31,10,2009,1.9876377
1,11,2009,1.56948659
2,11,2009,2.05879772
3,11,2009,2.12208029
4,11,2009,2.18677443
5,11,2009,2.21535531
6,11,2009,2.25927739
7,11,2009,2.25426467
8,11,2009,2.30960694
9,11,2009,2.33589666
10,11,2009,2.33223665
11,11,2009,2.2485671
12,11,2009,1.76608757
13,11,2009,1.70114269
14,11,2009,2.21693796
15,11,2009,2.3506185
16,11,2009,2.38255721
17,11,2009,2.44644724
18,11,2009,2.46091692
19,11,2009,1.71366428
20,11,2009,2.39484619
21,11,2009,2.45628668
22,11,2009,2.44053725
23,11,2009,2.51814762
24,11,2009,2.51431904
25,11,2009,2.54605665
26,11,2009,2.54806618
27,11,2009,2.58929578
28,11,2009,2.58910016
29,11,2009,2.63953101
30,11,2009,2.63409714
1,12,2009,2.66215248
2,12,2009,1.7311193
3,12,2009,1.66895955
4,12,2009,2.42071046
5,12,2009,2.48915482
6,12,2009,2.55620524
7,12,2009,2.60256375
8,12,2009,2.07406143
9,12,2009,1.55877057
10,12,2009,1.88851145
11,12,2009,1.9778861
12,12,2009,2.05463638
13,12,2009,1.57868681
14,12,2009,1.89701736
15,12,2009,2.07319
16,12,2009,2.1307827
17,12,2009,2.17108729
18,12,2009,2.21811041
19,12,2009,2.23114353
20,12,2009,2.26588404
21,12,2009,2.24122807
22,12,2009,2.25090128
23,12,2009,2.28072358
24,12,2009,2.34341418
25,12,2009,2.29277359
26,12,2009,1.5898927
27,12,2009,1.6842662
28,12,2009,2.12154754
29,12,2009,2.26395644
30,12,2009,2.37078702
31,12,2009,2.40574255
1,1,2010,2.15651606
2,1,2010,2.44186121
3,1,2010,2.49439956
4,1,2010,2.51816288
5,1,2010,2.55601141
6,1,2010,2.56646752
7,1,2010,2.57872468
8,1,2010,2.58230886
9,1,2010,2.60150604
10,1,2010,2.63487332
11,1,2010,2.68156656
12,1,2010,2.70459996
13,1,2010,2.73966007
14,1,2010,2.75661289
15,1,2010,2.77350113
16,1,2010,2.79175321
17,1,2010,1.87096588
18,1,2010,2.6609933
19,1,2010,2.28326737
20,1,2010,2.68809389
21,1,2010,2.75637155
22,1,2010,2.72953148
23,1,2010,2.79217157
24,1,2010,2.11927461
25,1,2010,1.64860217
26,1,2010,2.29667381
27,1,2010,2.38815872
28,1,2010,2.4646151
29,1,2010,2.5177572
30,1,2010,2.5587495
31,1,2010,2.60041815
1,2,2010,2.63634506
2,2,2010,2.63908737
3,2,2010,2.67230775
4,2,2010,2.67865036
5,2,2010,2.68642338
6,2,2010,2.67541059
7,2,2010,2.68802287
8,2,2010,2.6977689
9,2,2010,2.73546259
10,2,2010,2.75712542
11,2,2010,2.78953624
12,2,2010,2.79336085
13,2,2010,2.81574557
14,2,2010,2.81938952
15,2,2010,2.83418475
16,2,2010,2.8334569
17,2,2010,2.83602924
18,2,2010,2.83822125
19,2,2010,2.84933095
20,2,2010,2.85003726
21,2,2010,2.84935799
22,2,2010,2.84347104
23,2,2010,2.8415975
24,2,2010,2.83899599
25,2,2010,2.84425202
26,2,2010,2.82933
27,2,2010,2.8255497
28,2,2010,2.8204982
1,3,2010,2.8290025
2,3,2010,2.77641674
3,3,2010,2.81583111
4,3,2010,2.80500426
5,3,2010,2.79710891
6,3,2010,2.79658309
7,3,2010,2.78268623
8,3,2010,2.7670977
9,3,2010,2.76939362
10,3,2010,2.76923335
11,3,2010,2.75552727
12,3,2010,1.97413986
13,3,2010,1.67210377
14,3,2010,2.21843226
15,3,2010,2.38806343
16,3,2010,2.53520146
17,3,2010,2.60729713
18,3,2010,2.64673574
19,3,2010,2.65804958
20,3,2010,2.67462113
21,3,2010,2.65236085
22,3,2010,2.13919467
23,3,2010,2.62749715
24,3,2010,2.61962926
25,3,2010,2.57399786
26,3,2010,2.06154148
27,3,2010,2.5569676
28,3,2010,1.91566978
29,3,2010,2.39446075
30,3,2010,1.99369442
31,3,2010,2.46511949
1,4,2010,2.50670618
2,4,2010,2.54176085
3,4,2010,2.54415546
4,4,2010,2.57066838
5,4,2010,2.56431314
6,4,2010,2.57704114
7,4,2010,2.56724553
8,4,2010,1.93802122
9,4,2010,2.52193892
10,4,2010,2.53941549
11,4,2010,2.50629839
12,4,2010,2.55596612
13,4,2010,2.52835742
14,4,2010,2.54522445
15,4,2010,2.54799229
16,4,2010,2.53993182
17,4,2010,2.53600926
18,4,2010,2.53132389
19,4,2010,2.52576801
20,4,2010,2.52614719
21,4,2010,2.31200736
22,4,2010,2.50496146
23,4,2010,2.50303273
24,4,2010,2.50100348
25,4,2010,1.65844004
26,4,2010,1.71785143
27,4,2010,2.06354404
28,4,2010,2.09796297
29,4,2010,2.21016049
30,4,2010,2.23227931
1,5,2010,2.29721476
2,5,2010,2.29591083
3,5,2010,2.0437837
4,5,2010,2.2797553
5,5,2010,2.29025146
6,5,2010,2.29432356
7,5,2010,2.26881059
8,5,2010,2.27229371
9,5,2010,2.28699267
10,5,2010,2.34635093
11,5,2010,2.07614318
12,5,2010,1.69585278
13,5,2010,2.34689355
14,5,2010,2.28049996
15,5,2010,2.36562435
16,5,2010,2.38646232
17,5,2010,2.37408113
18,5,2010,2.28666656
19,5,2010,2.38795719
20,5,2010,2.39522961
21,5,2010,2.38027688
22,5,2010,2.38563841
23,5,2010,2.3276205
24,5,2010,2.38482789
25,5,2010,2.37710503
26,5,2010,2.3710017
27,5,2010,1.56658927
28,5,2010,2.34560553
29,5,2010,2.36752751
30,5,2010,2.36497958
31,5,2010,2.34051459
1,6,2010,2.34188421
2,6,2010,2.30595682
3,6,2010,2.32066076
4,6,2010,2.28283413
5,6,2010,2.33725233
6,6,2010,2.30995621
7,6,2010,2.27625371
8,6,2010,2.28866644
9,6,2010,2.27525734
10,6,2010,2.29465914
11,6,2010,2.25141928
12,6,2010,2.27257937
13,6,2010,2.04753381
14,6,2010,2.28604286
15,6,2010,1.9979743
16,6,2010,2.31739308
17,6,2010,1.98175574
18,6,2010,1.96990161
19,6,2010,1.77779083
20,6,2010,1.84075888
21,6,2010,1.61480719
22,6,2010,1.7145104
23,6,2010,1.54685363
24,6,2010,1.74904294
25,6,2010,1.51248103
26,6,2010,1.49576351
27,6,2010,1.35578433
28,6,2010,1.56915334
29,6,2010,1.33838839
30,6,2010,1.44048461
1,7,2010,1.1224025
2,7,2010,1.15722883
3,7,2010,1.01331004
4,7,2010,1.05077234
5,7,2010,0.97791132
6,7,2010,1.15916313
7,7,2010,1.05154653
8,7,2010,1.14366681
9,7,2010,1.02384392
10,7,2010,2.3125783
11,7,2010,1.07379266
12,7,2010,1.44807561
13,7,2010,1.69676506
14,7,2010,1.71115704
15,7,2010,2.30166189
16,7,2010,2.23153041
17,7,2010,2.09939642
18,7,2010,2.08954333
19,7,2010,1.94769848
20,7,2010,2.31300848
21,7,2010,2.19255587
22,7,2010,2.28449364
23,7,2010,2.11248913
24,7,2010,2.21010744
25,7,2010,2.3900969
26,7,2010,2.08131786
27,7,2010,2.07099319
28,7,2010,1.92634235
29,7,2010,1.25755363
30,7,2010,2.41912518
31,7,2010,2.38984814
1,8,2010,2.34501321
2,8,2010,2.32957377
3,8,2010,2.26127351
4,8,2010,2.11386431
5,8,2010,2.3022459
6,8,2010,2.31106784
7,8,2010,2.34847968
8,8,2010,1.9810205
9,8,2010,1.94011486
10,8,2010,1.90848866
11,8,2010,2.04079364
12,8,2010,1.21879474
13,8,2010,2.34206749
14,8,2010,2.4437292
15,8,2010,1.78508941
16,8,2010,2.4544832
17,8,2010,2.45890858
18,8,2010,1.61527412
19,8,2010,2.46103086
20,8,2010,2.46780582
21,8,2010,2.46244895
22,8,2010,2.47005669
23,8,2010,2.30968929
24,8,2010,2.46767265
25,8,2010,2.46843916
26,8,2010,2.478305
27,8,2010,2.41510741
28,8,2010,2.37635755
29,8,2010,2.20041303
30,8,2010,2.17707025
31,8,2010,1.99190295
1,9,2010,2.01814056
2,9,2010,1.75180028
3,9,2010,1.76630029
4,9,2010,1.49670659
5,9,2010,1.49013323
6,9,2010,1.26147745
7,9,2010,1.28158013
8,9,2010,1.1468935
9,9,2010,1.16722045
10,9,2010,1.08068976
11,9,2010,1.1297276
12,9,2010,1.58354751
13,9,2010,1.35934105
14,9,2010,1.32505615
15,9,2010,1.1185313
16,9,2010,2.40028302
17,9,2010,1.25336243
18,9,2010,1.15182316
19,9,2010,1.48516505
20,9,2010,1.17290417
21,9,2010,1.17708697
22,9,2010,1.08199169
23,9,2010,1.12278328
24,9,2010,0.99977997
25,9,2010,1.13608827
26,9,2010,2.58519991
27,9,2010,1.49482483
28,9,2010,1.67853325
29,9,2010,2.00224796
30,9,2010,1.18417871
1,10,2010,2.06166885
2,10,2010,2.19818224
3,10,2010,1.95942599
4,10,2010,1.42204605
5,10,2010,2.27217453
6,10,2010,2.27920452
7,10,2010,2.33614527
8,10,2010,2.34844328
9,10,2010,2.3343052
10,10,2010,2.45512111
11,10,2010,2.443785
12,10,2010,2.43100659
13,10,2010,2.40475139
14,10,2010,1.48130876
15,10,2010,2.45361617
16,10,2010,2.51698718
17,10,2010,2.57925275
18,10,2010,2.59900132
19,10,2010,1.6881198
20,10,2010,2.60574826
21,10,2010,2.6258798
22,10,2010,2.65838704
23,10,2010,2.66270827
24,10,2010,2.70025769
25,10,2010,2.69086259
26,10,2010,2.70274983
27,10,2010,1.47323938
28,10,2010,2.62027936
29,10,2010,2.65132996
30,10,2010,2.6325677
31,10,2010,2.71612994
1,11,2010,2.71565914
2,11,2010,2.72739207
3,11,2010,2.72702299
4,11,2010,1.34600161
5,11,2010,2.48684097
6,11,2010,2.54427335
7,11,2010,2.55637798
8,11,2010,2.64151003
9,11,2010,2.64511281
10,11,2010,2.67465725
11,11,2010,2.68504157
12,11,2010,2.69766985
13,11,2010,2.70139484
14,11,2010,2.72969569
15,11,2010,2.73824305
16,11,2010,1.79416824
17,11,2010,1.94342334
18,11,2010,2.65499294
19,11,2010,2.66087037
20,11,2010,2.72668539
21,11,2010,2.74060405
22,11,2010,2.77667334
23,11,2010,2.77557047
24,11,2010,2.8044613
25,11,2010,2.63132092
26,11,2010,2.80260922
27,11,2010,2.82013203
28,11,2010,2.79254826
29,11,2010,2.84280331
30,11,2010,2.27256483
1,12,2010,1.57936421
2,12,2010,2.27268293
3,12,2010,2.56334938
4,12,2010,2.63857092
5,12,2010,2.71235973
6,12,2010,2.73880189
7,12,2010,2.76307442
8,12,2010,2.78465506
9,12,2010,2.79107198
10,12,2010,2.79897746
11,12,2010,2.75064672
12,12,2010,1.51665337
13,12,2010,2.42564704
14,12,2010,2.49030875
15,12,2010,2.53386586
16,12,2010,2.62734397
17,12,2010,2.67821311
18,12,2010,2.71862816
19,12,2010,2.73916562
20,12,2010,2.7527373
21,12,2010,2.78235702
22,12,2010,2.79551508
23,12,2010,2.80869747
24,12,2010,2.82478168
25,12,2010,2.82295089
26,12,2010,2.83854451
27,12,2010,2.85764158
28,12,2010,2.88670044
29,12,2010,2.9116086
30,12,2010,2.93004629
31,12,2010,2.93588685
1,1,2011,2.95995991
2,1,2011,2.93758604
3,1,2011,2.96401483
4,1,2011,2.98272365
5,1,2011,2.95826675
6,1,2011,2.98992546
7,1,2011,2.99358172
8,1,2011,3.00012833
9,1,2011,3.00819685
10,1,2011,3.02518481
11,1,2011,3.02451295
12,1,2011,3.01461477
13,1,2011,3.0147999
14,1,2011,3.02381763
15,1,2011,3.02919407
16,1,2011,3.0407741
17,1,2011,3.02996426
18,1,2011,3.03769381
19,1,2011,3.03938478
20,1,2011,3.04594996
21,1,2011,3.02781296
22,1,2011,3.04185417
23,1,2011,3.02619025
24,1,2011,3.03022839
25,1,2011,3.03646477
26,1,2011,3.0376786
27,1,2011,3.01638199
28,1,2011,3.03018821
29,1,2011,3.03079367
30,1,2011,3.03551335
31,1,2011,3.01649074
1,2,2011,3.02551373
2,2,2011,3.0237078
3,2,2011,3.01534448
4,2,2011,3.00196377
5,2,2011,2.65298855
6,2,2011,3.00730459
7,2,2011,2.99475553
8,2,2011,2.99355435
9,2,2011,2.98426291
10,2,2011,2.97413202
11,2,2011,2.97082273
12,2,2011,2.95061894
13,2,2011,2.95137516
14,2,2011,2.95434273
15,2,2011,2.94180586
16,2,2011,2.9520407
17,2,2011,2.91157832
18,2,2011,2.91503429
19,2,2011,2.91409901
20,2,2011,2.89508904
21,2,2011,2.89725023
22,2,2011,2.89623408
23,2,2011,2.79562493
24,2,2011,2.87178545
25,2,2011,1.81763911
26,2,2011,2.88690422
27,2,2011,2.87374202
28,2,2011,2.25914655
1,3,2011,2.86367737
2,3,2011,2.87368116
3,3,2011,2.84964526
4,3,2011,2.838946
5,3,2011,2.84111434
6,3,2011,1.59234708
7,3,2011,2.6270107
8,3,2011,2.68799904
9,3,2011,2.65260317
10,3,2011,1.47451953
11,3,2011,1.88345577
12,3,2011,1.95669859
13,3,2011,2.02891225
14,3,2011,2.14036418
15,3,2011,2.04873984
16,3,2011,1.66115251
17,3,2011,2.15925389
18,3,2011,2.16017334
19,3,2011,2.15857368
20,3,2011,2.17912511
21,3,2011,1.94827349
22,3,2011,2.05739679
23,3,2011,1.58521856
24,3,2011,1.99272666
25,3,2011,2.11373815
26,3,2011,2.1810478
27,3,2011,2.23000524
28,3,2011,2.29300715
29,3,2011,2.33141228
30,3,2011,2.15952175
31,3,2011,2.12300753
1,4,2011,2.18581329
2,4,2011,2.34496006
3,4,2011,2.34576289
4,4,2011,2.39232546
5,4,2011,1.80341858
6,4,2011,2.35086222
7,4,2011,2.39142485
8,4,2011,1.765739
9,4,2011,2.33112716
10,4,2011,2.3807297
11,4,2011,2.41772115
12,4,2011,1.7761186
13,4,2011,1.88428501
14,4,2011,2.31184354
15,4,2011,2.3307765
16,4,2011,1.52752305
17,4,2011,1.95827455
18,4,2011,2.06307036
19,4,2011,1.75437637
20,4,2011,2.15948781
21,4,2011,2.18694726
22,4,2011,2.011485
23,4,2011,2.01348254
24,4,2011,1.92026918
25,4,2011,2.17264079
26,4,2011,2.22368542
27,4,2011,1.86547064
28,4,2011,1.70547502
29,4,2011,2.11708638
30,4,2011,2.15743862
1,5,2011,2.16954925
2,5,2011,2.2547776
3,5,2011,2.24193422
4,5,2011,1.69959264
5,5,2011,2.23734653
6,5,2011,1.86963
7,5,2011,2.25991878
8,5,2011,2.3196073
9,5,2011,2.35658399
10,5,2011,2.38137347
11,5,2011,2.4028401
12,5,2011,2.40861557
13,5,2011,2.42339852
14,5,2011,2.09007619
15,5,2011,2.37833846
16,5,2011,2.37305295
17,5,2011,1.93163086
18,5,2011,1.99945073
19,5,2011,1.73893258
20,5,2011,2.34605566
21,5,2011,2.39903706
22,5,2011,2.41915954
23,5,2011,2.41521041
24,5,2011,2.40962239
25,5,2011,2.4228091
26,5,2011,2.41622393
27,5,2011,2.41668192
28,5,2011,2.415223
29,5,2011,2.41869894
30,5,2011,2.4085828
31,5,2011,2.4199388
1,6,2011,2.4108357
2,6,2011,2.41111624
3,6,2011,2.39655298
4,6,2011,2.41304321
5,6,2011,2.41724779
6,6,2011,2.38974703
7,6,2011,2.38581254
8,6,2011,2.37210552
9,6,2011,2.41358072
10,6,2011,2.35481403
11,6,2011,2.35726932
12,6,2011,1.94127005
13,6,2011,2.39085277
14,6,2011,2.36881386
15,6,2011,2.22336355
16,6,2011,2.32814758
17,6,2011,2.0877416
18,6,2011,2.40125532
19,6,2011,2.35219867
20,6,2011,2.41967963
21,6,2011,2.43919594
22,6,2011,2.31383588
23,6,2011,2.34861808
24,6,2011,2.25703526
25,6,2011,2.29053476
26,6,2011,2.14684318
27,6,2011,2.19757199
28,6,2011,2.18705027
29,6,2011,2.12480408
30,6,2011,2.19977602
1,7,2011,1.85973111
2,7,2011,1.82914967
3,7,2011,2.27515193
4,7,2011,1.85125801
5,7,2011,1.83132591
6,7,2011,1.62718947
7,7,2011,2.4708878
8,7,2011,1.74386212
9,7,2011,2.16861755
10,7,2011,2.04324312
11,7,2011,1.8356942
12,7,2011,2.18723391
13,7,2011,2.13419
14,7,2011,1.95697258
15,7,2011,1.95727369
16,7,2011,1.68237328
17,7,2011,1.82535998
18,7,2011,1.46618202
19,7,2011,2.17488176
20,7,2011,1.78815243
21,7,2011,1.96660507
22,7,2011,1.93258773
23,7,2011,2.27863225
24,7,2011,2.00989882
25,7,2011,1.23763778
26,7,2011,2.37604388
27,7,2011,2.42626579
28,7,2011,2.46046913
29,7,2011,2.49393241
30,7,2011,2.50717346
31,7,2011,2.50854404
1,8,2011,2.4309644
2,8,2011,2.50463892
3,8,2011,2.42655194
4,8,2011,2.51169059
5,8,2011,2.51996032
6,8,2011,1.30735835
7,8,2011,2.04910691
8,8,2011,2.46034927
9,8,2011,2.42468861
10,8,2011,2.53621583
11,8,2011,2.54180057
12,8,2011,2.52968757
13,8,2011,1.28322628
14,8,2011,1.43638838
15,8,2011,1.54010815
16,8,2011,2.30672082
17,8,2011,2.3858996
18,8,2011,2.44829869
19,8,2011,2.41714697
20,8,2011,2.50708052
21,8,2011,1.35704483
22,8,2011,2.36776599
23,8,2011,2.44441279
24,8,2011,2.45384561
25,8,2011,1.86453435
26,8,2011,2.50781997
27,8,2011,1.12252053
28,8,2011,1.14435364
29,8,2011,1.50907876
30,8,2011,1.61906811
31,8,2011,1.77141734
1,9,2011,1.89010672
2,9,2011,1.88647995
3,9,2011,1.94770834
4,9,2011,1.94006792
5,9,2011,1.13856276
6,9,2011,1.14616324
7,9,2011,1.03474673
8,9,2011,1.10814377
9,9,2011,1.1011886
10,9,2011,1.17502509
11,9,2011,1.11644933
12,9,2011,1.25226153
13,9,2011,1.30627661
14,9,2011,1.30028969
15,9,2011,1.29456976
16,9,2011,1.34940885
17,9,2011,1.32725816
18,9,2011,1.31303692
19,9,2011,1.26108978
20,9,2011,1.24657936
21,9,2011,1.29848749
22,9,2011,1.42075617
23,9,2011,1.12398179
24,9,2011,1.47388947
25,9,2011,1.57473446
26,9,2011,1.64198754
27,9,2011,1.71335361
28,9,2011,1.24511142
29,9,2011,1.71427929
30,9,2011,1.79072752
1,10,2011,1.74178259
2,10,2011,1.71380291
3,10,2011,1.8240293
4,10,2011,1.86843412
5,10,2011,1.89986236
6,10,2011,1.90752738
7,10,2011,2.02898384
8,10,2011,2.08316942
9,10,2011,2.16218404
10,10,2011,2.1313933
11,10,2011,2.14654413
12,10,2011,1.53593546
13,10,2011,1.53460714
14,10,2011,1.58141975
15,10,2011,2.05858173
16,10,2011,2.12426595
17,10,2011,2.21338738
18,10,2011,2.25883765
19,10,2011,1.24762883
20,10,2011,1.96968202
21,10,2011,2.07084435
22,10,2011,2.12019949
23,10,2011,2.18222342
24,10,2011,2.20314079
25,10,2011,2.26460916
26,10,2011,2.23694526
27,10,2011,1.94886329
28,10,2011,2.26387708
29,10,2011,1.29311171
30,10,2011,1.49274754
31,10,2011,1.92045135
1,11,2011,1.99138094
2,11,2011,2.07297258
3,11,2011,2.14483906
4,11,2011,2.19268003
5,11,2011,2.25389253
6,11,2011,2.2764153
7,11,2011,2.30255814
8,11,2011,2.33294928
9,11,2011,2.35106559
10,11,2011,2.22376971
11,11,2011,2.34292329
12,11,2011,2.3543091
13,11,2011,2.42692408
14,11,2011,2.45090781
15,11,2011,2.50891843
16,11,2011,1.46115032
17,11,2011,2.36959297
18,11,2011,2.4241464
19,11,2011,2.49887442
20,11,2011,2.50338689
21,11,2011,1.75424031
22,11,2011,1.37430969
23,11,2011,1.39962442
24,11,2011,1.62514646
25,11,2011,1.73241515
26,11,2011,1.84280551
27,11,2011,1.92789329
28,11,2011,1.98717123
29,11,2011,1.46706019
30,11,2011,1.96200352
1,12,2011,2.00265395
2,12,2011,2.03927585
3,12,2011,2.05082995
4,12,2011,2.05624188
5,12,2011,2.03154158
6,12,2011,1.82839273
7,12,2011,1.42454809
8,12,2011,1.71292007
9,12,2011,1.80482408
10,12,2011,1.87676171
11,12,2011,1.96919698
12,12,2011,2.02401371
13,12,2011,2.06409909
14,12,2011,2.12052417
15,12,2011,2.11573828
16,12,2011,2.15839666
17,12,2011,2.14720214
18,12,2011,2.184102
19,12,2011,2.16646937
20,12,2011,2.17435078
21,12,2011,2.16020639
22,12,2011,1.56286461
23,12,2011,1.54998678
24,12,2011,2.0098076
25,12,2011,2.06961786
26,12,2011,2.16902767
27,12,2011,1.62081914
28,12,2011,1.96278976
29,12,2011,2.11270686
30,12,2011,2.17049533
31,12,2011,2.22071399
1,1,2012,2.24066454
2,1,2012,2.28258464
3,1,2012,2.28744681
4,1,2012,2.2694456
5,1,2012,2.30443109
6,1,2012,2.3686648
7,1,2012,2.42919679
8,1,2012,2.4477973
9,1,2012,2.4267054
10,1,2012,2.52320483
11,1,2012,1.95688031
12,1,2012,1.68662423
13,1,2012,2.19192637
14,1,2012,2.37110713
15,1,2012,2.45214792
16,1,2012,2.43844662
17,1,2012,2.24684337
18,1,2012,2.55142644
19,1,2012,2.59077913
20,1,2012,2.60623938
21,1,2012,2.60399425
22,1,2012,2.66776296
23,1,2012,2.67748291
24,1,2012,2.69635218
25,1,2012,2.70005936
26,1,2012,2.71993123
27,1,2012,2.29738641
28,1,2012,2.75408115
29,1,2012,2.76971726
30,1,2012,2.81742579
31,1,2012,2.82856718
1,2,2012,2.86879147
2,2,2012,2.86518109
3,2,2012,2.89308313
4,2,2012,2.87414115
5,2,2012,2.45524132
6,2,2012,2.83855506
7,2,2012,2.88050851
8,2,2012,2.88305256
9,2,2012,2.85042279
10,2,2012,2.84775269
11,2,2012,2.90418055
12,2,2012,2.90875878
13,2,2012,2.90991605
14,2,2012,2.90576977
15,2,2012,2.92780115
16,2,2012,2.3873101
17,2,2012,2.87586435
18,2,2012,2.9050245
19,2,2012,2.9044977
20,2,2012,2.89976305
21,2,2012,2.9187698
22,2,2012,2.9243201
23,2,2012,2.92345486
24,2,2012,2.84586766
25,2,2012,2.91550831
26,2,2012,2.90766525
27,2,2012,2.90556484
28,2,2012,2.89442045
29,2,2012,1.61378504
1,3,2012,2.22933148
2,3,2012,2.21389385
3,3,2012,2.18848158
4,3,2012,2.54788331
5,3,2012,2.59815854
6,3,2012,2.64184875
7,3,2012,2.65488923
8,3,2012,2.67751854
9,3,2012,2.69393053
10,3,2012,2.69414447
11,3,2012,2.67454628
12,3,2012,2.70330644
13,3,2012,2.67136421
14,3,2012,2.69041541
15,3,2012,2.69425777
16,3,2012,2.73475136
17,3,2012,2.73795695
18,3,2012,2.75067421
19,3,2012,2.75494085
20,3,2012,2.75216881
21,3,2012,2.75605878
22,3,2012,2.74428978
23,3,2012,2.74394169
24,3,2012,2.31033717
25,3,2012,2.74194593
26,3,2012,2.73314576
27,3,2012,2.71675941
28,3,2012,2.68990261
29,3,2012,2.70895415
30,3,2012,2.70001584
31,3,2012,2.69954543
1,4,2012,2.64907231
2,4,2012,2.6820822
3,4,2012,2.68027379
4,4,2012,2.6686357
5,4,2012,2.65448601
6,4,2012,2.65923015
7,4,2012,2.6344971
8,4,2012,2.64042602
9,4,2012,2.61957267
10,4,2012,2.61725709
11,4,2012,2.60673155
12,4,2012,2.596395
13,4,2012,2.59649139
14,4,2012,2.57489169
15,4,2012,2.57277304
16,4,2012,2.55475766
17,4,2012,2.55929315
18,4,2012,2.53918725
19,4,2012,2.54135877
20,4,2012,2.53804979
21,4,2012,2.5390082
22,4,2012,1.50027295
23,4,2012,2.51821482
24,4,2012,2.54714447
25,4,2012,2.53215708
26,4,2012,2.43976765
27,4,2012,2.53640163
28,4,2012,2.51046252
29,4,2012,2.51985678
30,4,2012,2.51954112
1,5,2012,2.51247589
2,5,2012,2.20957049
3,5,2012,2.42580987
4,5,2012,2.49760611
5,5,2012,2.49573002
6,5,2012,2.49475231
7,5,2012,2.48962066
8,5,2012,1.91966519
9,5,2012,1.65542437
10,5,2012,2.45797082
11,5,2012,2.4646868
12,5,2012,2.46875626
13,5,2012,2.46869737
14,5,2012,1.83473801
15,5,2012,1.49576054
16,5,2012,2.38595915
17,5,2012,2.41531835
18,5,2012,2.44467166
19,5,2012,2.45445775
20,5,2012,2.45075948
21,5,2012,1.50272141
22,5,2012,2.40569108
23,5,2012,2.41744182
24,5,2012,2.42403475
25,5,2012,2.43846945
26,5,2012,2.44413134
27,5,2012,2.26960288
28,5,2012,2.44084277
29,5,2012,1.63680207
30,5,2012,2.39876311
31,5,2012,2.4274487
1,6,2012,1.31095093
2,6,2012,2.09791599
3,6,2012,2.13827296
4,6,2012,2.04921595
5,6,2012,2.27884413
6,6,2012,2.33960169
7,6,2012,2.32760749
8,6,2012,2.39303247
9,6,2012,2.38200893
10,6,2012,2.40548083
11,6,2012,2.40776186
12,6,2012,1.51597532
13,6,2012,2.35727135
14,6,2012,2.37256272
15,6,2012,2.40360623
16,6,2012,2.42143275
17,6,2012,2.44644505
18,6,2012,2.41679883
19,6,2012,2.46953046
20,6,2012,2.46239487
21,6,2012,2.47390904
22,6,2012,2.48262148
23,6,2012,2.49401205
24,6,2012,2.4911042
25,6,2012,2.51078361
26,6,2012,2.50223156
27,6,2012,2.49409315
28,6,2012,2.47454588
29,6,2012,1.54906732
30,6,2012,2.51102401
1,7,2012,2.50546404
2,7,2012,2.35139631
3,7,2012,2.51513032
4,7,2012,2.52909925
5,7,2012,2.50755774
6,7,2012,2.53429842
7,7,2012,2.52918359
8,7,2012,2.53993004
9,7,2012,1.70885608
10,7,2012,2.53843039
11,7,2012,2.54611612
12,7,2012,2.53955142
13,7,2012,2.54141103
14,7,2012,2.46805742
15,7,2012,2.2683427
16,7,2012,2.54931993
17,7,2012,2.56393023
18,7,2012,2.55729008
19,7,2012,1.70040672
20,7,2012,2.52027681
21,7,2012,1.26366514
22,7,2012,2.33241147
23,7,2012,2.4308222
24,7,2012,2.47977634
25,7,2012,2.51939085
26,7,2012,1.41707487
27,7,2012,2.48065738
28,7,2012,2.50378901
29,7,2012,2.52255871
30,7,2012,2.53407529
31,7,2012,2.56827836
1,8,2012,2.5383217
2,8,2012,2.55592543
3,8,2012,2.53632236
4,8,2012,2.5690991
5,8,2012,1.28325449
6,8,2012,2.50044538
7,8,2012,2.54593499
8,8,2012,2.57815333
9,8,2012,2.57800879
10,8,2012,1.32779955
11,8,2012,2.08044496
12,8,2012,2.48929886
13,8,2012,2.51212548
14,8,2012,1.12992008
15,8,2012,1.93591861
16,8,2012,2.07071781
17,8,2012,1.79586732
18,8,2012,2.03278536
19,8,2012,2.17796065
20,8,2012,1.71366327
21,8,2012,2.18219103
22,8,2012,2.24076873
23,8,2012,2.22712695
24,8,2012,2.34896584
25,8,2012,2.33100567
26,8,2012,1.02321452
27,8,2012,1.47255675
28,8,2012,1.52719221
29,8,2012,1.64219026
30,8,2012,1.75127775
31,8,2012,1.8492916
1,9,2012,1.47019758
2,9,2012,1.82118547
3,9,2012,1.42451998
4,9,2012,1.79863267
5,9,2012,1.83947989
6,9,2012,1.82591854
7,9,2012,1.86707863
8,9,2012,1.36935592
9,9,2012,1.85253823
10,9,2012,1.92700494
11,9,2012,2.05366314
12,9,2012,2.10750224
13,9,2012,2.19205532
14,9,2012,2.21075108
15,9,2012,2.26839788
16,9,2012,2.28012291
17,9,2012,2.27221973
18,9,2012,1.15372025
19,9,2012,2.10105608
20,9,2012,2.21230776
21,9,2012,2.30237408
22,9,2012,2.31433155
23,9,2012,2.39715141
24,9,2012,2.35347413
25,9,2012,2.52636992
26,9,2012,2.47129835
27,9,2012,1.63697076
28,9,2012,2.38986586
29,9,2012,2.47583116
30,9,2012,2.35274566
1,10,2012,2.44041472
2,10,2012,1.12434237
3,10,2012,1.23769515
4,10,2012,1.80393845
5,10,2012,1.92065067
6,10,2012,2.07546392
7,10,2012,1.95064294
8,10,2012,2.13825137
9,10,2012,2.1739017
10,10,2012,2.20601566
11,10,2012,2.15033967
12,10,2012,2.30755085
13,10,2012,2.2960408
14,10,2012,2.30742192
15,10,2012,1.43631739
16,10,2012,2.22220616
17,10,2012,2.30066165
18,10,2012,1.60352732
19,10,2012,1.17807548
20,10,2012,1.73279865
21,10,2012,1.81263677
22,10,2012,1.89478952
23,10,2012,2.01021377
24,10,2012,2.08023107
25,10,2012,2.09510862
26,10,2012,2.1457027
27,10,2012,2.11084435
28,10,2012,1.87164421
29,10,2012,1.1234459
30,10,2012,1.17951259
31,10,2012,1.24849642
1,11,2012,1.27252124
2,11,2012,1.35484725
3,11,2012,1.3564553
4,11,2012,1.4199895
5,11,2012,1.45923596
6,11,2012,1.44482007
7,11,2012,1.45767642
8,11,2012,1.500052
9,11,2012,1.46427139
10,11,2012,1.42788942
11,11,2012,1.4133083
12,11,2012,1.46217156
13,11,2012,1.32085874
14,11,2012,1.64734228
15,11,2012,1.74113349
16,11,2012,1.80193216
17,11,2012,1.84917067
18,11,2012,1.89761992
19,11,2012,1.9447309
20,11,2012,1.98647159
21,11,2012,2.01456647
22,11,2012,2.05797083
23,11,2012,2.08245175
24,11,2012,2.09966435
25,11,2012,2.11590636
26,11,2012,2.16394747
27,11,2012,1.89121323
28,11,2012,2.17686367
29,11,2012,2.23312988
30,11,2012,2.28058697
1,12,2012,2.30512154
2,12,2012,2.33322953
3,12,2012,2.39015353
4,12,2012,2.36548626
5,12,2012,2.46727315
6,12,2012,2.45875469
7,12,2012,2.45121501
8,12,2012,2.48412819
9,12,2012,1.81885052
10,12,2012,2.39945396
11,12,2012,2.47978619
12,12,2012,2.53636322
13,12,2012,2.54206014
14,12,2012,2.63309161
15,12,2012,2.62813076
16,12,2012,2.65143504
17,12,2012,2.47437789
18,12,2012,2.68622857
19,12,2012,2.70036121
20,12,2012,1.63295375
21,12,2012,1.53930935
22,12,2012,2.19500125
23,12,2012,2.30490538
24,12,2012,2.39257899
25,12,2012,2.00984828
26,12,2012,1.54985398
27,12,2012,1.85979127
28,12,2012,2.14226658
29,12,2012,2.22194693
30,12,2012,2.3370376
31,12,2012,2.39390539
1,1,2013,2.42780847
2,1,2013,2.43396561
3,1,2013,2.45039757
4,1,2013,2.50284801
5,1,2013,2.54733625
6,1,2013,2.5995292
7,1,2013,2.60301268
8,1,2013,2.61962937
9,1,2013,2.66991146
10,1,2013,2.73727276
11,1,2013,2.21952637
12,1,2013,2.73226616
13,1,2013,2.79842698
14,1,2013,2.23820326
15,1,2013,1.75092504
16,1,2013,1.63944437
17,1,2013,2.22830963
18,1,2013,2.37078654
19,1,2013,2.45956611
20,1,2013,2.56716064
21,1,2013,2.61437534
22,1,2013,2.67400337
23,1,2013,2.68801026
24,1,2013,2.69428178
25,1,2013,2.72689411
26,1,2013,2.7485134
27,1,2013,2.72096571
28,1,2013,2.5732184
29,1,2013,2.73064784
30,1,2013,1.63617646
31,1,2013,1.63041588
1,2,2013,1.82110847
2,2,2013,1.9473403
3,2,2013,2.03569769
4,2,2013,2.11972194
5,2,2013,2.16931161
6,2,2013,2.21122526
7,2,2013,2.21964066
8,2,2013,2.11965083
9,2,2013,2.25132021
10,2,2013,2.23193616
11,2,2013,1.77473357
12,2,2013,2.04747601
13,2,2013,2.18183133
14,2,2013,1.97928927
15,2,2013,2.05338785
16,2,2013,2.16958007
17,2,2013,2.33331933
18,2,2013,2.4125138
19,2,2013,2.2575854
20,2,2013,2.45378119
21,2,2013,2.48779151
22,2,2013,2.51916363
23,2,2013,2.45835613
24,2,2013,2.48496958
25,2,2013,2.55906917
26,2,2013,1.78668641
27,2,2013,2.08466148
28,2,2013,2.43109747
1,3,2013,2.50579388
2,3,2013,2.55952119
3,3,2013,2.59197376
4,3,2013,2.63446878
5,3,2013,2.66255608
6,3,2013,1.64930645
7,3,2013,2.22193147
8,3,2013,2.41362291
9,3,2013,2.46956318
10,3,2013,2.52152922
11,3,2013,2.53435079
12,3,2013,1.61304394
13,3,2013,2.15521124
14,3,2013,2.25967684
15,3,2013,2.33293169
16,3,2013,2.40679218
17,3,2013,2.43280398
18,3,2013,1.83815223
19,3,2013,2.38420704
20,3,2013,2.41615514
21,3,2013,2.43328892
22,3,2013,2.45824531
23,3,2013,2.50109989
24,3,2013,2.51394849
25,3,2013,2.49979853
26,3,2013,2.52492999
27,3,2013,2.54702288
28,3,2013,2.5762318
29,3,2013,2.54815421
30,3,2013,2.61633674
31,3,2013,2.60038713
1,4,2013,2.63049857
2,4,2013,2.61506446
3,4,2013,2.65395356
4,4,2013,2.63771343
5,4,2013,2.64617409
6,4,2013,2.65555516
7,4,2013,2.6358136
8,4,2013,2.65653777
9,4,2013,2.6467449
10,4,2013,2.64887128
11,4,2013,2.64178016
12,4,2013,1.85521444
13,4,2013,2.60116963
14,4,2013,2.60806684
15,4,2013,2.6142121
16,4,2013,2.60700967
17,4,2013,2.60741799
18,4,2013,2.38023336
19,4,2013,1.48041322
20,4,2013,2.29016046
21,4,2013,2.34383791
22,4,2013,2.40314816
23,4,2013,2.46172736
24,4,2013,2.4898611
25,4,2013,2.48591928
26,4,2013,2.50489021
27,4,2013,2.49489443
28,4,2013,2.50981556
29,4,2013,2.08098892
30,4,2013,2.17260231
1,5,2013,2.46435797
2,5,2013,2.43842163
3,5,2013,2.4706852
4,5,2013,2.48183111
5,5,2013,2.5029828
6,5,2013,2.49852059
7,5,2013,1.78850824
8,5,2013,2.4871914
9,5,2013,2.50058249
10,5,2013,1.64043188
11,5,2013,2.07392317
12,5,2013,2.45472482
13,5,2013,2.47183724
14,5,2013,2.48748377
15,5,2013,2.49302873
16,5,2013,2.48075069
17,5,2013,2.48329275
18,5,2013,2.48768763
19,5,2013,2.48307365
20,5,2013,2.47288646
21,5,2013,2.48021963
22,5,2013,2.48498147
23,5,2013,1.36255611
24,5,2013,2.28343887
25,5,2013,2.41791149
26,5,2013,2.44724333
27,5,2013,2.47178328
28,5,2013,2.46216871
29,5,2013,2.4736762
30,5,2013,2.47975696
31,5,2013,2.48493249
1,6,2013,2.48785382
2,6,2013,1.99515448
3,6,2013,1.90132653
4,6,2013,2.47678351
5,6,2013,2.47425467
6,6,2013,1.75947455
7,6,2013,1.31421484
8,6,2013,2.1213586
9,6,2013,2.24475734
10,6,2013,1.28530431
11,6,2013,1.85571071
12,6,2013,1.97172049
13,6,2013,1.76335495
14,6,2013,2.02006361
15,6,2013,2.12960391
16,6,2013,2.07518141
17,6,2013,2.10462832
18,6,2013,2.06176932
19,6,2013,2.05223545
20,6,2013,2.13964157
21,6,2013,2.16046836
22,6,2013,2.20340998
23,6,2013,2.17322006
24,6,2013,2.23656173
25,6,2013,1.83870662
26,6,2013,2.19350048
27,6,2013,1.47769048
28,6,2013,2.23075556
29,6,2013,2.29774441
30,6,2013,1.39532465
1,7,2013,1.6041201
2,7,2013,2.08836206
3,7,2013,1.90852282
4,7,2013,2.24937882
5,7,2013,2.28243974
6,7,2013,2.340668
7,7,2013,2.32309788
8,7,2013,2.32359618
9,7,2013,2.31117119
10,7,2013,2.32590609
11,7,2013,2.31091846
12,7,2013,1.44674032
13,7,2013,2.11672196
14,7,2013,2.22505102
15,7,2013,2.2870431
16,7,2013,2.30683955
17,7,2013,2.40528246
18,7,2013,2.42051554
19,7,2013,2.45504375
20,7,2013,2.45454702
21,7,2013,2.47997889
22,7,2013,1.61111947
23,7,2013,2.35416746
24,7,2013,2.44836858
25,7,2013,2.45083128
26,7,2013,2.49687005
27,7,2013,1.39194973
28,7,2013,2.32557152
29,7,2013,2.40112071
30,7,2013,2.46069844
31,7,2013,2.45892441
1,8,2013,2.12518011
2,8,2013,2.54456886
3,8,2013,2.35814551
4,8,2013,2.54729004
5,8,2013,2.56045258
6,8,2013,2.36802972
7,8,2013,1.22213644
8,8,2013,1.58689837
9,8,2013,1.61118293
10,8,2013,2.17312977
11,8,2013,2.25989856
12,8,2013,2.36157176
13,8,2013,1.86794847
14,8,2013,2.41508826
15,8,2013,2.44177871
16,8,2013,2.49173869
17,8,2013,2.50450452
18,8,2013,2.50155404
19,8,2013,2.50507173
20,8,2013,2.49608601
21,8,2013,2.5214777
22,8,2013,2.53268441
23,8,2013,2.5557827
24,8,2013,2.62202099
25,8,2013,2.63562304
26,8,2013,2.69778918
27,8,2013,2.68348954
28,8,2013,2.69822635
29,8,2013,2.69951577
30,8,2013,2.6750059
31,8,2013,2.73130872
1,9,2013,2.71292938
2,9,2013,2.7315644
3,9,2013,2.74386275
4,9,2013,2.7026077
5,9,2013,2.72174228
6,9,2013,2.68426794
7,9,2013,2.74610863
8,9,2013,2.72214019
9,9,2013,2.70775299
10,9,2013,2.68560816
11,9,2013,2.70019443
12,9,2013,1.52953652
13,9,2013,2.77631228
14,9,2013,2.7685005
15,9,2013,2.77355124
16,9,2013,2.77989754
17,9,2013,2.71170607
18,9,2013,2.76653288
19,9,2013,2.68387169
20,9,2013,2.76264256
21,9,2013,1.28444776
22,9,2013,2.82560878
23,9,2013,2.81582599
24,9,2013,2.80238354
25,9,2013,2.80558217
26,9,2013,2.80136063
27,9,2013,2.81267793
28,9,2013,2.7938825
29,9,2013,2.78205362
30,9,2013,2.79279735
1,10,2013,2.76190729
2,10,2013,2.80454062
3,10,2013,2.81758765
4,10,2013,2.81090472
5,10,2013,2.76940179
6,10,2013,2.79444185
7,10,2013,1.17782794
8,10,2013,2.88988055
9,10,2013,2.88354155
10,10,2013,1.12013301
11,10,2013,1.05688278
12,10,2013,1.46155244
13,10,2013,1.5107304
14,10,2013,1.79130421
15,10,2013,1.9189985
16,10,2013,1.97539699
17,10,2013,2.00446285
18,10,2013,2.07631523
19,10,2013,2.00208337
20,10,2013,2.06340643
21,10,2013,2.07228024
22,10,2013,2.06920548
23,10,2013,2.01667456
24,10,2013,2.02871713
25,10,2013,2.08937628
26,10,2013,2.23883003
27,10,2013,2.32422357
28,10,2013,2.42935635
29,10,2013,2.47248099
30,10,2013,2.45386277
31,10,2013,2.53189335
1,11,2013,1.56455177
2,11,2013,2.50915152
3,11,2013,2.53130317
4,11,2013,2.59740069
5,11,2013,2.62300862
6,11,2013,2.68410281
7,11,2013,2.63272428
8,11,2013,2.7140914
9,11,2013,2.70235348
10,11,2013,2.75412842
11,11,2013,2.74632789
12,11,2013,2.78365279
13,11,2013,2.76998831
14,11,2013,2.81377102
15,11,2013,2.80497119
16,11,2013,2.61492047
17,11,2013,2.83546547
18,11,2013,2.61998231
19,11,2013,2.85902056
20,11,2013,2.86440986
21,11,2013,2.9138957
22,11,2013,2.90221118
23,11,2013,2.94401667
24,11,2013,2.92392892
25,11,2013,2.9748484
26,11,2013,1.38689372
27,11,2013,1.39523206
28,11,2013,2.29815749
29,11,2013,2.38349043
30,11,2013,2.49663461
1,12,2013,2.63696589
2,12,2013,2.46277018
3,12,2013,2.64659968
4,12,2013,2.68498007
5,12,2013,2.70002046
6,12,2013,1.45947602
7,12,2013,2.02307831
8,12,2013,2.29136307
9,12,2013,2.27191736
10,12,2013,2.36903345
11,12,2013,2.4437131
12,12,2013,2.51736239
13,12,2013,2.55440894
14,12,2013,2.58391812
15,12,2013,2.60073307
16,12,2013,2.64189743
17,12,2013,2.65372516
18,12,2013,2.66324619
19,12,2013,2.67011095
20,12,2013,2.64323808
21,12,2013,2.74835942
22,12,2013,2.64907096
23,12,2013,1.55798617
24,12,2013,2.4288883
25,12,2013,2.48759022
26,12,2013,2.57524986
27,12,2013,2.65011885
28,12,2013,2.71815641
29,12,2013,1.56366012
30,12,2013,2.29386072
31,12,2013,2.35399749
1,1,2014,2.42225662
2,1,2014,2.47169632
3,1,2014,2.53305487
4,1,2014,2.5301391
5,1,2014,2.56705329
6,1,2014,2.5752975
7,1,2014,2.6204605
8,1,2014,2.64557764
9,1,2014,2.68384356
10,1,2014,2.18582249
11,1,2014,1.6141158
12,1,2014,2.19801211
13,1,2014,2.31073606
14,1,2014,1.87332157
15,1,2014,2.35275631
16,1,2014,2.43620919
17,1,2014,2.46332763
18,1,2014,2.54211216
19,1,2014,2.58101085
20,1,2014,2.54857986
21,1,2014,2.64184431
22,1,2014,2.63091418
23,1,2014,2.63602904
24,1,2014,2.62815038
25,1,2014,2.66223741
26,1,2014,2.70306468
27,1,2014,2.73913054
28,1,2014,2.76791701
29,1,2014,2.81490061
30,1,2014,2.83757536
31,1,2014,2.87731387
1,2,2014,2.88601663
2,2,2014,2.91143541
3,2,2014,1.65008981
4,2,2014,2.54341548
5,2,2014,2.59451676
6,2,2014,2.62949013
7,2,2014,2.76366584
8,2,2014,2.77499414
9,2,2014,2.81845787
10,2,2014,2.82269982
11,2,2014,2.84403418
12,2,2014,2.83665047
13,2,2014,2.88431477
14,2,2014,2.85216721
15,2,2014,2.84992552
16,2,2014,2.83416557
17,2,2014,2.87115552
18,2,2014,2.87748938
19,2,2014,2.71194238
20,2,2014,2.91649754
21,2,2014,1.95719811
22,2,2014,2.73173937
23,2,2014,2.8405331
24,2,2014,2.87978942
25,2,2014,2.9089389
26,2,2014,2.90256416
27,2,2014,2.90996708
28,2,2014,2.91699805
1,3,2014,2.92255581
2,3,2014,2.92064853
3,3,2014,2.91802553
4,3,2014,2.91181235
5,3,2014,2.90134373
6,3,2014,2.88725393
7,3,2014,2.88650567
8,3,2014,2.87585719
9,3,2014,2.87924527
10,3,2014,2.88095512
11,3,2014,2.87222221
12,3,2014,2.22375726
13,3,2014,2.8244602
14,3,2014,2.83191343
15,3,2014,2.83376902
16,3,2014,2.82713523
17,3,2014,2.83214575
18,3,2014,2.80333625
19,3,2014,2.1797538
20,3,2014,2.8037829
21,3,2014,2.79302798
22,3,2014,2.78579346
23,3,2014,2.78249068
24,3,2014,2.77492603
25,3,2014,2.77206934
26,3,2014,2.75748512
27,3,2014,2.75044579
28,3,2014,2.74616338
29,3,2014,2.73148748
30,3,2014,2.72769182
31,3,2014,2.69588745
1,4,2014,2.71060524
2,4,2014,2.68697158
3,4,2014,2.71110796
4,4,2014,2.67461948
5,4,2014,2.67159721
6,4,2014,2.65625829
7,4,2014,2.2113166
8,4,2014,2.67094532
9,4,2014,2.64791877
10,4,2014,2.65650916
11,4,2014,2.62568038
12,4,2014,2.62058956
13,4,2014,2.61784732
14,4,2014,2.60671363
15,4,2014,1.49960903
16,4,2014,2.49742928
17,4,2014,2.53565546
18,4,2014,2.55729881
19,4,2014,2.59347399
20,4,2014,2.5922432
21,4,2014,2.6049637
22,4,2014,2.22672897
23,4,2014,2.58680165
24,4,2014,2.58720541
25,4,2014,1.8256522
26,4,2014,2.55880668
27,4,2014,2.54807361
28,4,2014,2.01763088
29,4,2014,1.46851393
30,4,2014,1.00080279
1,5,2014,1.4423448
2,5,2014,1.55791305
3,5,2014,1.62528374
4,5,2014,1.74058526
5,5,2014,1.78080128
6,5,2014,1.83152374
7,5,2014,1.73746665
8,5,2014,1.84747199
9,5,2014,1.85093065
10,5,2014,1.65764007
11,5,2014,1.76887121
12,5,2014,1.72391035
13,5,2014,1.744121
14,5,2014,1.79746575
15,5,2014,1.92697512
16,5,2014,1.21747552
17,5,2014,1.86334761
18,5,2014,1.9430279
19,5,2014,2.0360997
20,5,2014,2.1358675
21,5,2014,1.9325287
22,5,2014,2.10486461
23,5,2014,2.22488413
24,5,2014,2.2481368
25,5,2014,2.31555802
26,5,2014,2.33698951
27,5,2014,1.65107088
28,5,2014,2.20402475
29,5,2014,1.94818793
30,5,2014,2.27662036
31,5,2014,2.3693624
1,6,2014,2.43633911
2,6,2014,2.46655531
3,6,2014,2.11683839
4,6,2014,2.2358107
5,6,2014,2.05086414
6,6,2014,2.46377931
7,6,2014,2.48765059
8,6,2014,2.50715266
9,6,2014,2.4991908
10,6,2014,2.25175168
11,6,2014,1.51482091
12,6,2014,1.96343023
13,6,2014,2.099093
14,6,2014,2.4024708
15,6,2014,2.46952767
16,6,2014,2.47718638
17,6,2014,2.50873757
18,6,2014,1.31277908
19,6,2014,1.98904485
20,6,2014,2.2876316
21,6,2014,2.30241917
22,6,2014,2.37839631
23,6,2014,2.40764404
24,6,2014,2.45684143
25,6,2014,1.56393991
26,6,2014,2.37488518
27,6,2014,2.42029553
28,6,2014,2.44153014
29,6,2014,2.50774337
30,6,2014,2.49520818
1,7,2014,2.50180952
2,7,2014,2.49266496
3,7,2014,1.29445584
4,7,2014,2.22630121
5,7,2014,2.43100559
6,7,2014,2.46587807
7,7,2014,2.51108479
8,7,2014,2.09456945
9,7,2014,2.37130327
10,7,2014,2.49742861
11,7,2014,2.53804365
12,7,2014,2.53038297
13,7,2014,1.96527887
14,7,2014,1.71483575
15,7,2014,1.93824294
16,7,2014,2.4639206
17,7,2014,2.49258455
18,7,2014,2.56667775
19,7,2014,2.57384173
20,7,2014,2.58131485
21,7,2014,2.59684162
22,7,2014,2.56873834
23,7,2014,1.95370206
24,7,2014,2.57032219
25,7,2014,2.61976668
26,7,2014,2.59167844
27,7,2014,2.63580553
28,7,2014,2.63129167
29,7,2014,2.64309035
30,7,2014,2.64329961
31,7,2014,2.67754818
1,8,2014,2.68112098
2,8,2014,2.01071309
3,8,2014,1.2227551
4,8,2014,2.37082481
5,8,2014,2.41665239
6,8,2014,2.458044
7,8,2014,2.54119939
8,8,2014,2.54768192
9,8,2014,2.63986362
10,8,2014,2.6512244
11,8,2014,2.63241021
12,8,2014,1.03235811
13,8,2014,1.73624011
14,8,2014,1.85846841
15,8,2014,1.95709984
16,8,2014,2.10354335
17,8,2014,2.19388359
18,8,2014,2.23718177
19,8,2014,2.29349611
20,8,2014,2.22763627
21,8,2014,2.26046473
22,8,2014,2.28135942
23,8,2014,1.99547663
24,8,2014,2.23630041
25,8,2014,2.23813569
26,8,2014,2.33271428
27,8,2014,2.41851395
28,8,2014,2.51480496
29,8,2014,2.55567402
30,8,2014,2.61468756
31,8,2014,1.66955142
1,9,2014,2.4891727
2,9,2014,1.22418522
3,9,2014,2.40046663
4,9,2014,2.50841174
5,9,2014,2.48836318
6,9,2014,1.67110354
7,9,2014,2.61146359
8,9,2014,2.61671725
9,9,2014,2.65641551
10,9,2014,2.65145208
11,9,2014,2.69797615
12,9,2014,2.6907491
13,9,2014,2.6895111
14,9,2014,2.71204903
15,9,2014,2.68317796
16,9,2014,2.75866088
17,9,2014,2.7718853
18,9,2014,2.79497302
19,9,2014,2.82048828
20,9,2014,2.77431573
21,9,2014,2.87017038
22,9,2014,2.85889091
23,9,2014,2.87071891
24,9,2014,2.86124463
25,9,2014,1.10430649
26,9,2014,2.45710284
27,9,2014,2.62099587
28,9,2014,2.69598306
29,9,2014,2.74076162
30,9,2014,1.5539345
1,10,2014,2.71862616
2,10,2014,2.75683574
3,10,2014,2.29263661
4,10,2014,2.69746178
5,10,2014,2.7946455
6,10,2014,2.79789421
7,10,2014,1.92920204
8,10,2014,2.73471927
9,10,2014,2.75351192
10,10,2014,2.81035394
11,10,2014,1.72881639
12,10,2014,2.79561027
13,10,2014,2.77976438
14,10,2014,2.85546761
15,10,2014,1.15326471
16,10,2014,2.15762909
17,10,2014,2.29418822
18,10,2014,2.36335944
19,10,2014,2.57341673
20,10,2014,2.62021095
21,10,2014,1.40058511
22,10,2014,1.20447162
23,10,2014,2.09363143
24,10,2014,2.12420455
25,10,2014,2.230751
26,10,2014,2.30957684
27,10,2014,2.36615377
28,10,2014,2.36303485
29,10,2014,2.28778007
30,10,2014,2.41636451
31,10,2014,2.41471864
1,11,2014,2.4790012
2,11,2014,2.48169593
3,11,2014,2.50118266
4,11,2014,2.50042069
5,11,2014,2.3303824
6,11,2014,1.33319049
7,11,2014,2.34835521
8,11,2014,2.42248312
9,11,2014,2.41820578
10,11,2014,2.60130037
11,11,2014,2.61937807
12,11,2014,2.67576275
13,11,2014,2.68116115
14,11,2014,2.63967263
15,11,2014,2.74641827
16,11,2014,2.39044373
17,11,2014,1.33801549
18,11,2014,2.14104203
19,11,2014,2.22279058
20,11,2014,2.24727501
21,11,2014,2.39531969
22,11,2014,2.46820263
23,11,2014,2.40160722
24,11,2014,1.61315361
25,11,2014,2.40754434
26,11,2014,1.40718186
27,11,2014,1.68336646
28,11,2014,2.06042787
29,11,2014,2.13791784
30,11,2014,2.17845012
1,12,2014,2.19705995
2,12,2014,1.84769867
3,12,2014,2.24357631
4,12,2014,2.30547592
5,12,2014,2.32910941
6,12,2014,2.35327097
7,12,2014,2.39298616
8,12,2014,2.37866022
9,12,2014,2.40482318
10,12,2014,2.46355597
11,12,2014,2.49041368
12,12,2014,2.4986573
13,12,2014,2.63289418
14,12,2014,2.64852935
15,12,2014,2.69547354
16,12,2014,1.77718606
17,12,2014,2.48670934
18,12,2014,2.63732871
19,12,2014,2.6859785
20,12,2014,2.76109782
21,12,2014,2.77867544
22,12,2014,2.7735409
23,12,2014,2.14432221
24,12,2014,1.54445007
25,12,2014,1.94816852
26,12,2014,2.16677979
27,12,2014,2.24915791
28,12,2014,2.30098523
29,12,2014,2.39339194
30,12,2014,2.44878827
31,12,2014,2.47593746
1,1,2015,2.52694886
2,1,2015,2.54763749
3,1,2015,1.82084434
4,1,2015,1.6034941
5,1,2015,2.22860092
6,1,2015,2.26907187
7,1,2015,2.32504441
8,1,2015,2.39595831
9,1,2015,2.49820657
10,1,2015,2.52639054
11,1,2015,2.59410978
12,1,2015,1.76345682
13,1,2015,2.45566962
14,1,2015,2.51562122
15,1,2015,2.53805634
16,1,2015,2.56839132
17,1,2015,2.603792
18,1,2015,2.6250623
19,1,2015,2.69856942
20,1,2015,2.6286329
21,1,2015,2.74873597
22,1,2015,2.78950908
23,1,2015,2.16727029
24,1,2015,1.65878644
25,1,2015,2.09916769
26,1,2015,2.23015622
27,1,2015,2.41841339
28,1,2015,2.54234094
29,1,2015,2.5601277
30,1,2015,2.6649047
31,1,2015,2.67600509
1,2,2015,2.73013841
2,2,2015,1.98176149
3,2,2015,2.60505638
4,2,2015,2.66386351
5,2,2015,2.68398287
6,2,2015,2.69591543
7,2,2015,2.73801589
8,2,2015,2.77912054
9,2,2015,2.81277653
10,2,2015,2.84322299
11,2,2015,2.86107411
12,2,2015,2.77944746
13,2,2015,2.88930838
14,2,2015,2.89618841
15,2,2015,2.91511937
16,2,2015,2.93582862
17,2,2015,2.94594353
18,2,2015,2.94381748
19,2,2015,2.95810272
20,2,2015,2.94968491
21,2,2015,2.95964193
22,2,2015,2.96852242
23,2,2015,2.96450027
24,2,2015,2.97128603
25,2,2015,2.94846075
26,2,2015,2.94178375
27,2,2015,2.95369908
28,2,2015,2.94442156
1,3,2015,2.94142885
2,3,2015,2.92926699
3,3,2015,2.9263915
4,3,2015,1.67683775
5,3,2015,2.54731929
6,3,2015,2.84207044
7,3,2015,2.85597096
8,3,2015,2.88466893
9,3,2015,2.87544123
10,3,2015,1.9384254
11,3,2015,2.60147634
12,3,2015,2.78981411
13,3,2015,2.77783174
14,3,2015,1.60293296
15,3,2015,2.31049273
16,3,2015,2.39984373
17,3,2015,2.44500632
18,3,2015,2.54307548
19,3,2015,2.57537707
20,3,2015,2.59614178
21,3,2015,1.8506099
22,3,2015,2.37581455
23,3,2015,2.51087239
24,3,2015,2.5377155
25,3,2015,2.54613035
26,3,2015,1.63871902
27,3,2015,1.568195
28,3,2015,2.06689248
29,3,2015,2.14220921
30,3,2015,2.22172267
31,3,2015,2.27915436
1,4,2015,2.33651431
2,4,2015,2.32870129
3,4,2015,2.30777844
4,4,2015,2.37582113
5,4,2015,2.4168376
6,4,2015,2.39886832
7,4,2015,2.36654355
8,4,2015,2.00270841
9,4,2015,2.16174724
10,4,2015,2.37743781
11,4,2015,2.43362689
12,4,2015,2.45075331
13,4,2015,2.5209064
14,4,2015,2.3191096
15,4,2015,2.5420967
16,4,2015,2.5338411
17,4,2015,2.25387611
18,4,2015,2.53910504
19,4,2015,2.24466339
20,4,2015,1.44487923
21,4,2015,2.14604717
22,4,2015,2.2074299
23,4,2015,2.27600487
24,4,2015,2.34934606
25,4,2015,2.40873006
26,4,2015,2.42361377
27,4,2015,2.4504771
28,4,2015,2.44587722
29,4,2015,2.46620311
30,4,2015,2.46869508
1,5,2015,2.46688305
2,5,2015,2.44389337
3,5,2015,2.44796723
4,5,2015,2.46793373
5,5,2015,2.50741302
6,5,2015,2.5255799
7,5,2015,2.55179358
8,5,2015,2.5554445
9,5,2015,2.55763653
10,5,2015,2.56506875
11,5,2015,2.56650655
12,5,2015,2.54800166
13,5,2015,2.54710139
14,5,2015,2.54512406
15,5,2015,2.55338415
16,5,2015,2.1058577
17,5,2015,2.54266054
18,5,2015,1.50743799
19,5,2015,2.33134662
20,5,2015,2.53672411
21,5,2015,2.53566118
22,5,2015,2.55914711
23,5,2015,2.5572555
24,5,2015,2.56302196
25,5,2015,2.5630321
26,5,2015,2.54861321
27,5,2015,2.55409511
28,5,2015,2.55115032
29,5,2015,2.55791863
30,5,2015,2.5700602
31,5,2015,1.99532829
1,6,2015,1.51327346
2,6,2015,2.3045244
3,6,2015,2.54196344
4,6,2015,2.53919415
5,6,2015,2.5434219
6,6,2015,2.58823697
7,6,2015,2.5949072
8,6,2015,1.12043795
9,6,2015,2.07349018
10,6,2015,2.19137371
11,6,2015,2.29791012
12,6,2015,2.40671073
13,6,2015,2.44338728
14,6,2015,2.42458171
15,6,2015,2.08250067
16,6,2015,2.44184639
17,6,2015,1.75550872
18,6,2015,1.46822066
19,6,2015,2.29385952
20,6,2015,1.38244655
21,6,2015,1.55408983
22,6,2015,2.06886464
23,6,2015,1.29070869
24,6,2015,1.83401515
25,6,2015,1.48978436
26,6,2015,1.88325691
27,6,2015,1.06253781
28,6,2015,1.51794485
29,6,2015,1.67817033
30,6,2015,1.6532668
1,7,2015,1.55156725
2,7,2015,1.58942674
3,7,2015,1.81854046
4,7,2015,1.74453425
5,7,2015,1.87397168
6,7,2015,1.8118813
7,7,2015,1.87808423
8,7,2015,1.88628355
9,7,2015,1.86924434
10,7,2015,1.90888775
11,7,2015,1.98968335
12,7,2015,2.08625034
13,7,2015,2.08869344
14,7,2015,2.09785099
15,7,2015,2.13982643
16,7,2015,2.22982273
17,7,2015,2.2295548
18,7,2015,2.2009467
19,7,2015,2.32730146
20,7,2015,2.34212811
21,7,2015,2.33282526
22,7,2015,2.42076317
23,7,2015,2.4472628
24,7,2015,2.5087334
25,7,2015,2.52146941
26,7,2015,2.56254951
27,7,2015,1.67659794
28,7,2015,2.50376333
29,7,2015,2.52718174
30,7,2015,1.9544273
31,7,2015,2.57344234
1,8,2015,2.58600074
2,8,2015,2.62673219
3,8,2015,2.64049606
4,8,2015,2.48242129
5,8,2015,2.6576588
6,8,2015,2.65381228
7,8,2015,2.67861477
8,8,2015,2.68503076
9,8,2015,2.6994492
10,8,2015,2.6742967
11,8,2015,1.88295771
12,8,2015,2.67440332
13,8,2015,2.70119845
14,8,2015,2.71972844
15,8,2015,2.73748374
16,8,2015,2.72556988
17,8,2015,2.72180773
18,8,2015,2.70665378
19,8,2015,2.72376837
20,8,2015,1.12781874
21,8,2015,2.5009677
22,8,2015,2.62459721
23,8,2015,2.61053976
24,8,2015,1.16308958
25,8,2015,2.54213132
26,8,2015,2.6145737
27,8,2015,2.69310362
28,8,2015,2.70942522
29,8,2015,2.74459806
30,8,2015,2.75258168
31,8,2015,2.77233461
1,9,2015,2.73538218
2,9,2015,2.75198886
3,9,2015,2.74678176
4,9,2015,2.77660042
5,9,2015,2.76833363
6,9,2015,2.81234622
7,9,2015,2.81443785
8,9,2015,2.815103
9,9,2015,2.80482385
10,9,2015,1.10857556
11,9,2015,2.74463274
12,9,2015,1.08028538
13,9,2015,2.3215385
14,9,2015,2.55028533
15,9,2015,2.67016107
16,9,2015,2.74017259
17,9,2015,2.80408312
18,9,2015,2.78586558
19,9,2015,2.82512715
20,9,2015,2.80764718
21,9,2015,2.79125105
22,9,2015,2.78877406
23,9,2015,2.81015952
24,9,2015,2.7543651
25,9,2015,2.8237076
26,9,2015,2.83140424
27,9,2015,2.86802256
28,9,2015,2.8826657
29,9,2015,1.04892865
30,9,2015,1.81299049
1,10,2015,1.2607817
2,10,2015,1.09413829
3,10,2015,1.20438965
4,10,2015,1.70791748
5,10,2015,1.81609544
6,10,2015,1.96887316
7,10,2015,2.04091464
8,10,2015,2.09601293
9,10,2015,1.86777005
10,10,2015,2.08772277
11,10,2015,2.09462495
12,10,2015,2.03607785
13,10,2015,2.14263251
14,10,2015,2.17314384
15,10,2015,2.20975078
16,10,2015,2.30349135
17,10,2015,2.30849735
18,10,2015,2.51017904
19,10,2015,2.55821084
20,10,2015,2.66679615
21,10,2015,2.68924838
22,10,2015,2.76580964
23,10,2015,2.75470383
24,10,2015,2.79875182
25,10,2015,2.80209616
26,10,2015,2.84993716
27,10,2015,2.77212591
28,10,2015,1.17146918
29,10,2015,2.41846012
30,10,2015,2.52535743
31,10,2015,2.49802884
1,11,2015,2.70534232
2,11,2015,2.75182124
3,11,2015,2.73237264
4,11,2015,2.82673612
5,11,2015,2.48910055
6,11,2015,2.8141873
7,11,2015,2.82573726
8,11,2015,2.80747102
9,11,2015,1.62790713
10,11,2015,1.41681505
11,11,2015,2.41142618
12,11,2015,1.90616152
13,11,2015,2.51071653
14,11,2015,2.60762114
15,11,2015,2.67168442
16,11,2015,2.74740048
17,11,2015,2.76018362
18,11,2015,2.77948044
19,11,2015,1.77418197
20,11,2015,2.70115539
21,11,2015,2.71658914
22,11,2015,2.76726896
23,11,2015,2.77598894
24,11,2015,2.83214478
25,11,2015,2.84394562
26,11,2015,2.91617601
27,11,2015,2.90952941
28,11,2015,2.94562952
29,11,2015,1.80346867
30,11,2015,2.36956859
1,12,2015,1.367032
2,12,2015,1.61152358
3,12,2015,2.0960472
4,12,2015,2.16413814
5,12,2015,2.23730561
6,12,2015,2.40490307
7,12,2015,2.42130497
8,12,2015,2.48180252
9,12,2015,2.47631063
10,12,2015,2.50863733
11,12,2015,2.52263599
12,12,2015,2.46070848
13,12,2015,2.54333363
14,12,2015,2.46934552
15,12,2015,2.51905374
16,12,2015,2.60097939
17,12,2015,1.71359393
18,12,2015,2.58096357
19,12,2015,2.63867778
20,12,2015,2.71476768
21,12,2015,2.76990649
22,12,2015,2.24249485
23,12,2015,1.53383589
24,12,2015,2.16330099
25,12,2015,1.50070502
26,12,2015,1.7540906
27,12,2015,1.8937012
28,12,2015,1.71412677
29,12,2015,1.53219611
30,12,2015,1.83841003
31,12,2015,1.98193315
1,1,2016,2.05302708
2,1,2016,2.07256682
3,1,2016,2.11359034
4,1,2016,2.14425457
5,1,2016,2.15082623
6,1,2016,2.14031322
7,1,2016,2.14369415
8,1,2016,2.17357698
9,1,2016,1.91050617
10,1,2016,1.59327486
11,1,2016,2.00622985
12,1,2016,2.09153602
13,1,2016,2.17415175
14,1,2016,2.24175192
15,1,2016,1.77730838
16,1,2016,2.10712735
17,1,2016,2.24086516
18,1,2016,2.32242245
19,1,2016,2.37977905
20,1,2016,2.38949296
21,1,2016,2.43815083
22,1,2016,2.42799338
23,1,2016,2.44475443
24,1,2016,2.4740177
25,1,2016,2.30853432
26,1,2016,2.54020948
27,1,2016,2.60324776
28,1,2016,2.62191254
29,1,2016,2.68073385
30,1,2016,2.6993893
31,1,2016,2.76197875
1,2,2016,2.41400563
2,2,2016,2.67520642
3,2,2016,1.63337846
4,2,2016,2.31757218
5,2,2016,2.4033857
6,2,2016,2.52446928
7,2,2016,2.6075887
8,2,2016,2.61999636
9,2,2016,2.12255433
10,2,2016,2.60485559
11,2,2016,2.68447945
12,2,2016,2.67985425
13,2,2016,2.73545974
14,2,2016,2.73908689
15,2,2016,2.74921242
16,2,2016,1.68442323
17,2,2016,2.20270102
18,2,2016,2.44393309
19,2,2016,2.52087695
20,2,2016,2.59485504
21,2,2016,2.00116969
22,2,2016,2.34313411
23,2,2016,1.68172329
24,2,2016,1.59026976
25,2,2016,1.8152938
26,2,2016,1.9953792
27,2,2016,2.07679229
28,2,2016,2.15759007
29,2,2016,2.19367284
1,3,2016,2.24888161
2,3,2016,2.03900498
3,3,2016,2.2660015
4,3,2016,2.12879581
5,3,2016,2.29367054
6,3,2016,2.31883396
7,3,2016,2.31368001
8,3,2016,2.32749795
9,3,2016,2.35552053
10,3,2016,2.41782046
11,3,2016,2.47504113
12,3,2016,2.5290438
13,3,2016,1.93105227
14,3,2016,1.79213958
15,3,2016,2.42612934
16,3,2016,2.48388503
17,3,2016,2.50871871
18,3,2016,2.59833499
19,3,2016,2.01368903
20,3,2016,2.54281707
21,3,2016,2.59109977
22,3,2016,2.63695654
23,3,2016,2.63439539
24,3,2016,2.63662769
25,3,2016,2.65742305
26,3,2016,2.67450152
27,3,2016,2.66262953
28,3,2016,1.91987241
29,3,2016,2.60222636
30,3,2016,2.62977781
31,3,2016,2.67317516
1,4,2016,2.67952513
2,4,2016,2.34460596
3,4,2016,2.69028621
4,4,2016,2.37069515
5,4,2016,2.66666726
6,4,2016,2.69108711
7,4,2016,1.44145862
8,4,2016,2.11698364
9,4,2016,1.82716653
10,4,2016,2.19466401
11,4,2016,2.27037731
12,4,2016,2.29981996
13,4,2016,2.38733314
14,4,2016,2.41903743
15,4,2016,2.43907004
16,4,2016,2.46313476
17,4,2016,2.47174042
18,4,2016,2.48449297
19,4,2016,2.46490861
20,4,2016,2.45961522
21,4,2016,2.48075064
22,4,2016,2.4971864
23,4,2016,2.38239944
24,4,2016,2.54800843
25,4,2016,2.56391018
26,4,2016,2.57135146
27,4,2016,2.56137035
28,4,2016,2.32167048
29,4,2016,2.58748245
30,4,2016,2.58783056
1,5,2016,1.8149792
2,5,2016,1.85177026
3,5,2016,2.00173084
4,5,2016,2.35067715
5,5,2016,2.49021728
6,5,2016,1.33569139
7,5,2016,1.98593687
8,5,2016,2.07062212
9,5,2016,2.16413132
10,5,2016,2.0319802
11,5,2016,1.9778454
12,5,2016,2.26033392
13,5,2016,2.23658105
14,5,2016,2.08449785
15,5,2016,2.2490701
16,5,2016,2.32008709
17,5,2016,2.01308894
18,5,2016,2.29533886
19,5,2016,2.31658614
20,5,2016,2.405991
21,5,2016,1.88781782
22,5,2016,2.11628589
23,5,2016,1.8960651
24,5,2016,2.43848715
25,5,2016,2.4821116
26,5,2016,2.52708535
27,5,2016,2.54844378
28,5,2016,2.56110386
29,5,2016,1.93567309
30,5,2016,2.54486498
31,5,2016,2.56518569
1,6,2016,2.56890246
2,6,2016,2.60301375
3,6,2016,2.44672485
4,6,2016,2.5850537
5,6,2016,1.67905435
6,6,2016,2.56786816
7,6,2016,2.56707252
8,6,2016,2.57360771
9,6,2016,2.62084546
10,6,2016,2.6074048
11,6,2016,2.62014408
12,6,2016,2.63836141
13,6,2016,2.63702316
14,6,2016,2.64981961
15,6,2016,2.02920968
16,6,2016,2.08542052
17,6,2016,2.63200935
18,6,2016,2.64408882
19,6,2016,2.65294594
20,6,2016,2.65077565
21,6,2016,1.60530043
22,6,2016,2.66262667
23,6,2016,1.70587575
24,6,2016,2.59016135
25,6,2016,2.64060548
26,6,2016,2.6460493
27,6,2016,2.6811096
28,6,2016,1.75794458
29,6,2016,2.6088153
30,6,2016,2.65716296
1,7,2016,2.63239851
2,7,2016,2.6998081
3,7,2016,2.68143311
4,7,2016,1.93972821
5,7,2016,1.71188978
6,7,2016,2.61526976
7,7,2016,2.62410898
8,7,2016,2.64606112
9,7,2016,2.66792121
10,7,2016,2.69806622
11,7,2016,2.67377711
12,7,2016,2.72504861
13,7,2016,2.70480635
14,7,2016,2.71521855
15,7,2016,2.72101821
16,7,2016,2.73637527
17,7,2016,2.70690544
18,7,2016,2.67698762
19,7,2016,2.70022022
20,7,2016,2.71501906
21,7,2016,2.63614493
22,7,2016,2.64867781
23,7,2016,2.62217282
24,7,2016,2.59198171
25,7,2016,2.06070736
26,7,2016,2.64880274
27,7,2016,2.66027708
28,7,2016,1.68312641
29,7,2016,1.18378446
30,7,2016,0.83131341
31,7,2016,1.42380799
1,8,2016,1.50741614
2,8,2016,1.50500627
3,8,2016,1.73957376
4,8,2016,1.78376644
5,8,2016,1.85187043
6,8,2016,1.82955004
7,8,2016,1.83010611
8,8,2016,1.86780924
9,8,2016,1.89453998
10,8,2016,1.80561852
11,8,2016,1.73825215
12,8,2016,1.69874514
13,8,2016,1.81934811
14,8,2016,1.23847825
15,8,2016,1.17929563
16,8,2016,1.98946312
17,8,2016,1.17538707
18,8,2016,1.8813279
19,8,2016,2.04846598
20,8,2016,2.05374367
21,8,2016,1.65952341
22,8,2016,2.20165976
23,8,2016,2.23890006
24,8,2016,2.3193814
25,8,2016,2.32113876
26,8,2016,2.34769511
27,8,2016,2.33040352
28,8,2016,2.38306165
29,8,2016,2.40598033
30,8,2016,2.46777157
31,8,2016,2.010516
1,9,2016,1.82196904
2,9,2016,2.51848469
3,9,2016,2.52219739
4,9,2016,2.62198897
5,9,2016,2.66300826
6,9,2016,2.7366848
7,9,2016,2.73139795
8,9,2016,2.75633509
9,9,2016,2.74063902
10,9,2016,2.76903727
11,9,2016,2.78042425
12,9,2016,2.8063514
13,9,2016,2.79893777
14,9,2016,2.84014929
15,9,2016,2.79993286
16,9,2016,2.85400118
17,9,2016,2.83643616
18,9,2016,2.86736303
19,9,2016,2.69507611
20,9,2016,2.86330694
21,9,2016,2.84396694
22,9,2016,2.87806196
23,9,2016,2.85867853
24,9,2016,2.8788103
25,9,2016,2.8886674
26,9,2016,2.90712148
27,9,2016,2.90764301
28,9,2016,2.16970163
29,9,2016,1.05455261
30,9,2016,1.64650031
1,10,2016,1.35292981
2,10,2016,2.33711976
3,10,2016,2.47452719
4,10,2016,2.60124533
5,10,2016,2.56965654
6,10,2016,2.69827736
7,10,2016,2.6593517
8,10,2016,2.62055816
9,10,2016,2.68689843
10,10,2016,2.69301501
11,10,2016,2.61356128
12,10,2016,2.70900961
13,10,2016,2.71316642
14,10,2016,2.79089451
15,10,2016,2.84674475
16,10,2016,2.93658788
17,10,2016,2.94282712
18,10,2016,2.97423342
19,10,2016,2.99718879
20,10,2016,2.9877188
21,10,2016,2.08082971
22,10,2016,2.99730454
23,10,2016,2.98748032
24,10,2016,3.0267823
25,10,2016,3.02508456
26,10,2016,3.03922569
27,10,2016,2.53989246
28,10,2016,3.05924657
29,10,2016,3.02543671
30,10,2016,2.93493988
31,10,2016,3.05768416
1,11,2016,3.03189264
2,11,2016,3.05843544
3,11,2016,3.04960503
4,11,2016,3.05889904
5,11,2016,3.03292108
6,11,2016,3.0899787
7,11,2016,3.08185537
8,11,2016,3.10344815
9,11,2016,2.25126036
10,11,2016,3.07713508
11,11,2016,3.08482559
12,11,2016,3.11397899
13,11,2016,3.0893705
14,11,2016,3.10998232
15,11,2016,3.13931087
16,11,2016,3.15066912
17,11,2016,3.14802099
18,11,2016,3.13582239
19,11,2016,3.00035475
20,11,2016,3.1583173
21,11,2016,3.14388579
22,11,2016,3.14821582
23,11,2016,3.14235211
24,11,2016,3.18918882
25,11,2016,3.19894706
26,11,2016,3.17701187
27,11,2016,3.19671641
28,11,2016,3.21438176
29,11,2016,1.54049717
30,11,2016,1.37209924
1,12,2016,2.46735421
2,12,2016,2.56169807
3,12,2016,2.60432706
4,12,2016,2.83822621
5,12,2016,2.21296276
6,12,2016,1.44730335
7,12,2016,2.54644329
8,12,2016,2.62785641
9,12,2016,2.67390496
10,12,2016,2.73928499
11,12,2016,2.83431619
12,12,2016,2.18496508
13,12,2016,2.73710615
14,12,2016,2.78807064
15,12,2016,2.87541351
16,12,2016,2.93739617
17,12,2016,3.01516998
18,12,2016,1.92249485
19,12,2016,2.968015
20,12,2016,3.02992855
21,12,2016,3.05871071
22,12,2016,3.15821772
23,12,2016,3.14936802
24,12,2016,1.90729629
25,12,2016,3.06540234
26,12,2016,3.11311813
27,12,2016,3.14929348
28,12,2016,3.18135531
29,12,2016,2.57234531
30,12,2016,3.16789676
31,12,2016,3.17408311
1,1,2017,3.20001921
2,1,2017,2.25122028
3,1,2017,1.57873109
4,1,2017,2.56034087
5,1,2017,2.67668585
6,1,2017,2.69477718
7,1,2017,2.8796248
8,1,2017,2.92768976
9,1,2017,2.97619562
10,1,2017,2.79206551
11,1,2017,2.27322445
12,1,2017,2.35943396
13,1,2017,2.89888747
14,1,2017,2.93173455
15,1,2017,2.9360977
16,1,2017,2.95215753
17,1,2017,2.47816815
18,1,2017,2.98508254
19,1,2017,3.01362937
20,1,2017,2.94382254
21,1,2017,3.06945872
22,1,2017,2.76616562
23,1,2017,1.65410922
24,1,2017,2.63311519
25,1,2017,2.74597233
26,1,2017,2.72844406
27,1,2017,2.88885433
28,1,2017,2.9081726
29,1,2017,2.96939562
30,1,2017,2.95296968
31,1,2017,2.98385064
1,2,2017,2.95795234
2,2,2017,2.99417827
3,2,2017,2.97962813
4,2,2017,3.00170756
5,2,2017,2.9793688
6,2,2017,2.99988221
7,2,2017,2.99267485
8,2,2017,3.03655026
9,2,2017,2.29451797
10,2,2017,2.99318526
11,2,2017,3.02056766
12,2,2017,2.24503856
13,2,2017,3.00461298
14,2,2017,3.02593218
15,2,2017,3.01298765
16,2,2017,3.02772774
17,2,2017,3.02526362
18,2,2017,3.01926049
19,2,2017,3.00076192
20,2,2017,2.98404358
21,2,2017,3.01826818
22,2,2017,2.98004217
23,2,2017,2.96140925
24,2,2017,2.97661147
25,2,2017,2.94523324
26,2,2017,2.96459858
27,2,2017,2.95199132
28,2,2017,2.58799309
1,3,2017,2.95225252
2,3,2017,2.93705076
3,3,2017,2.92201452
4,3,2017,2.88263818
5,3,2017,2.88867066
6,3,2017,2.85609354
7,3,2017,2.89095658
8,3,2017,2.85790486
9,3,2017,2.85318955
10,3,2017,2.6568527
11,3,2017,2.83915748
12,3,2017,2.84479383
13,3,2017,2.81949321
14,3,2017,2.80314431
15,3,2017,2.79001762
16,3,2017,2.77873192
17,3,2017,2.76756812
18,3,2017,2.72109043
19,3,2017,2.75847117
20,3,2017,2.73596446
21,3,2017,2.7003732
22,3,2017,2.68912039
23,3,2017,2.71761872
24,3,2017,2.7011558
25,3,2017,2.65869639
26,3,2017,2.60540444
27,3,2017,2.67199902
28,3,2017,2.76484769
29,3,2017,2.60122795
30,3,2017,2.6172636
31,3,2017,1.57570062
1,4,2017,2.64074059
2,4,2017,2.67597386
3,4,2017,2.54765624
4,4,2017,2.71256709
5,4,2017,2.71224424
6,4,2017,1.30617653
7,4,2017,1.97222598
8,4,2017,2.01557769
9,4,2017,2.07280028
10,4,2017,2.22272497
11,4,2017,2.24657679
12,4,2017,2.26183712
13,4,2017,2.2611581
14,4,2017,2.26559852
15,4,2017,2.27510986
16,4,2017,2.29277677
17,4,2017,2.05565985
18,4,2017,2.26528209
19,4,2017,2.24137523
20,4,2017,1.53342109
21,4,2017,2.19388894
22,4,2017,1.99278226
23,4,2017,2.28422293
24,4,2017,2.2821123
25,4,2017,1.65498484
26,4,2017,2.25553948
27,4,2017,2.31954323
28,4,2017,2.3742509
29,4,2017,2.38243697
30,4,2017,2.419491
1,5,2017,2.4007414
2,5,2017,2.43316385
3,5,2017,2.41315212
4,5,2017,2.34360032
5,5,2017,1.27311704
6,5,2017,1.95190016
7,5,2017,2.0345104
8,5,2017,2.10714515
9,5,2017,2.2172725
10,5,2017,2.36523563
11,5,2017,1.62558961
12,5,2017,2.2273891
13,5,2017,1.59039219
14,5,2017,2.15099657
15,5,2017,2.25816541
16,5,2017,2.2886514
17,5,2017,2.37378952
18,5,2017,2.35727631
19,5,2017,2.37537051
20,5,2017,2.43099438
21,5,2017,2.46895223
22,5,2017,1.75954611
23,5,2017,2.32291876
24,5,2017,2.1648628
25,5,2017,1.15774517
26,5,2017,1.8691873
27,5,2017,1.95418129
28,5,2017,2.0268954
29,5,2017,2.17772666
30,5,2017,2.18003786
31,5,2017,2.24061077
1,6,2017,2.3334215
2,6,2017,2.35098568
3,6,2017,2.43131903
4,6,2017,2.45934796
5,6,2017,2.3851368
6,6,2017,2.35740999
7,6,2017,2.32704473
8,6,2017,2.35976656
9,6,2017,2.46712118
10,6,2017,2.51194212
11,6,2017,2.57066787
12,6,2017,2.59980374
13,6,2017,2.60781813
14,6,2017,2.61207094
15,6,2017,2.63537775
16,6,2017,2.6423827
17,6,2017,2.64568229
18,6,2017,2.65438207
19,6,2017,2.64895386
20,6,2017,2.57447138
21,6,2017,2.38575869
22,6,2017,2.67503843
23,6,2017,2.66999815
24,6,2017,1.9368881
25,6,2017,2.68217537
26,6,2017,2.68060225
27,6,2017,2.69416274
28,6,2017,2.67969103
29,6,2017,2.679582
30,6,2017,2.6615045
1,7,2017,2.24160994
2,7,2017,2.69529245
3,7,2017,2.70559848
4,7,2017,2.72082581
5,7,2017,2.67606003
6,7,2017,1.21282041
7,7,2017,2.58720952
8,7,2017,2.70154453
9,7,2017,2.70934356
10,7,2017,2.71137598
11,7,2017,2.72260293
12,7,2017,2.74205494
13,7,2017,2.72325597
14,7,2017,2.73322346
15,7,2017,2.54326486
16,7,2017,2.70696402
17,7,2017,1.95125534
18,7,2017,1.72154546
19,7,2017,2.71361144
20,7,2017,2.7282644
21,7,2017,2.73513041
22,7,2017,2.49142641
23,7,2017,1.42833278
24,7,2017,2.60840333
25,7,2017,2.73912093
26,7,2017,2.74387716
27,7,2017,2.7740213
28,7,2017,1.09895104
29,7,2017,1.68971426
30,7,2017,2.52268157
31,7,2017,2.60130408
1,8,2017,2.37782993
2,8,2017,2.2575652
3,8,2017,2.6271033
4,8,2017,2.18577659
5,8,2017,2.55257288
6,8,2017,2.65438138
7,8,2017,1.7402702
8,8,2017,2.65948669
9,8,2017,2.70390692
10,8,2017,2.71788298
11,8,2017,2.07733986
12,8,2017,1.70052282
13,8,2017,2.70098833
14,8,2017,2.70462402
15,8,2017,1.17009685
16,8,2017,2.34473036
17,8,2017,2.52311806
18,8,2017,1.46873984
19,8,2017,2.31417443
20,8,2017,2.61479821
21,8,2017,2.63554634
22,8,2017,2.56111076
23,8,2017,2.6518377
24,8,2017,2.65176082
25,8,2017,2.63993006
26,8,2017,2.7134701
27,8,2017,2.67186914
28,8,2017,2.73546136
29,8,2017,1.29940991
30,8,2017,2.63148332
31,8,2017,2.70447492
1,9,2017,2.72892054
2,9,2017,1.18027629
3,9,2017,2.45447438
4,9,2017,2.6313516
5,9,2017,1.17396339
6,9,2017,1.23567094
7,9,2017,2.05767494
8,9,2017,2.20483171
9,9,2017,2.34842263
10,9,2017,2.42582892
11,9,2017,2.52835312
12,9,2017,2.54449763
13,9,2017,2.54727434
14,9,2017,2.51928593
15,9,2017,2.58544474
16,9,2017,2.52665168
17,9,2017,2.65795058
18,9,2017,2.62387427
19,9,2017,2.67610159
20,9,2017,2.71787896
21,9,2017,2.79147162
22,9,2017,2.80455345
23,9,2017,2.87341553
24,9,2017,2.865713
25,9,2017,2.89399661
26,9,2017,2.90970686
27,9,2017,2.90950164
28,9,2017,2.91594896
29,9,2017,2.92542087
30,9,2017,2.89374911
1,10,2017,2.91085128
2,10,2017,2.94530507
3,10,2017,2.9126057
4,10,2017,2.89844978
5,10,2017,2.86818263
6,10,2017,2.88700857
7,10,2017,2.82483818
8,10,2017,2.93488357
9,10,2017,1.1350111
10,10,2017,2.97062192
11,10,2017,1.43055958
12,10,2017,2.04561469
13,10,2017,2.90690673
14,10,2017,2.92399273
15,10,2017,2.95132143
16,10,2017,2.95254116
17,10,2017,2.9867308
18,10,2017,2.9808118
19,10,2017,2.98006496
20,10,2017,2.96987599
21,10,2017,3.0169247
22,10,2017,2.98014181
23,10,2017,2.72379559
24,10,2017,2.98526109
25,10,2017,3.0210505
26,10,2017,3.00696297
27,10,2017,3.01262006
28,10,2017,3.02358317
29,10,2017,1.14828504
30,10,2017,1.98400404
31,10,2017,2.80442449
1,11,2017,2.82009389
2,11,2017,2.9183707
3,11,2017,2.93337766
4,11,2017,1.85185599
5,11,2017,2.06448067
6,11,2017,2.87942781
7,11,2017,1.19842634
8,11,2017,2.25731274
9,11,2017,2.33086511
10,11,2017,2.43934263
11,11,2017,2.49051969
12,11,2017,2.55651794
13,11,2017,2.25788176
14,11,2017,2.66830904
15,11,2017,2.70674802
16,11,2017,2.72942752
17,11,2017,2.72934182
18,11,2017,2.7848331
19,11,2017,2.24056788
20,11,2017,2.81147694
21,11,2017,2.7989069
22,11,2017,2.90363898
23,11,2017,2.91440465
24,11,2017,2.97960148
25,11,2017,2.986886
26,11,2017,3.03017091
27,11,2017,3.03235293
28,11,2017,3.07199633
29,11,2017,3.08294967
30,11,2017,3.08951022