day,month,year,po4_ugPpl
1,1,2012,7.25046962
2,1,2012,7.14724461
3,1,2012,7.10697374
4,1,2012,7.04197753
5,1,2012,7.03552715
6,1,2012,6.84400234
7,1,2012,6.72325915
8,1,2012,6.72684082
9,1,2012,6.6908985
10,1,2012,6.53703003
11,1,2012,7.82775515
12,1,2012,8.68852156
13,1,2012,7.14464191
14,1,2012,6.66474308
15,1,2012,6.56475055
16,1,2012,6.56672903
17,1,2012,6.74723448
18,1,2012,6.33184934
19,1,2012,6.24262204
20,1,2012,6.21990464
21,1,2012,6.280949
22,1,2012,6.14568954
23,1,2012,6.12639587
24,1,2012,6.05259675
25,1,2012,6.08808983
26,1,2012,6.04014501
27,1,2012,6.58971099
28,1,2012,5.96093694
29,1,2012,5.96038367
30,1,2012,5.90151851
31,1,2012,5.88495165
1,2,2012,5.89585454
2,2,2012,5.88068313
3,2,2012,5.90920374
4,2,2012,5.81269938
5,2,2012,6.18426785
6,2,2012,5.94730702
7,2,2012,5.88421725
8,2,2012,5.76641523
9,2,2012,5.88337852
10,2,2012,5.87643126
11,2,2012,5.90279036
12,2,2012,5.81401555
13,2,2012,5.94160692
14,2,2012,5.8617677
15,2,2012,5.8284057
16,2,2012,6.26330282
17,2,2012,5.87959626
18,2,2012,5.84466659
19,2,2012,5.98035302
20,2,2012,5.83633905
21,2,2012,5.93816439
22,2,2012,6.00077698
23,2,2012,5.99591236
24,2,2012,5.86223641
25,2,2012,6.05939704
26,2,2012,6.05282308
27,2,2012,6.1256826
28,2,2012,6.10918602
29,2,2012,7.35180932
1,3,2012,6.39653427
2,3,2012,6.34466626
3,3,2012,6.34309092
4,3,2012,6.2095699
5,3,2012,6.30149661
6,3,2012,6.15496415
7,3,2012,6.14353567
8,3,2012,6.10296205
9,3,2012,6.06876608
10,3,2012,6.11093703
11,3,2012,6.19413653
12,3,2012,6.1347272
13,3,2012,6.22109585
14,3,2012,6.19457567
15,3,2012,6.15956215
16,3,2012,6.12839443
17,3,2012,6.10701227
18,3,2012,6.07434684
19,3,2012,6.04158612
20,3,2012,6.16731142
21,3,2012,6.05896653
22,3,2012,6.06731977
23,3,2012,6.09864548
24,3,2012,6.59879185
25,3,2012,6.2658448
26,3,2012,6.19951291
27,3,2012,6.29383186
28,3,2012,6.34145228
29,3,2012,6.2534236
30,3,2012,6.23367608
31,3,2012,6.2781227
1,4,2012,6.47193401
2,4,2012,6.27114385
3,4,2012,6.32848
4,4,2012,6.33483923
5,4,2012,6.3077831
6,4,2012,6.35478557
7,4,2012,6.39669989
8,4,2012,6.44378216
9,4,2012,6.47792641
10,4,2012,6.4090478
11,4,2012,6.7451434
12,4,2012,6.57660077
13,4,2012,6.57602706
14,4,2012,6.61939545
15,4,2012,6.73334636
16,4,2012,6.9485509
17,4,2012,6.69269142
18,4,2012,7.02079085
19,4,2012,6.91135135
20,4,2012,6.90473378
21,4,2012,6.73801239
22,4,2012,7.80167732
23,4,2012,7.23620443
24,4,2012,7.01876009
25,4,2012,7.07806288
26,4,2012,7.54074004
27,4,2012,7.16960827
28,4,2012,7.36032716
29,4,2012,7.19998484
30,4,2012,7.24532579
1,5,2012,7.13360618
2,5,2012,8.06351766
3,5,2012,7.67403595
4,5,2012,7.37777099
5,5,2012,7.44310186
6,5,2012,7.55189463
7,5,2012,7.39226005
8,5,2012,8.68051184
9,5,2012,8.44205656
10,5,2012,7.857808
11,5,2012,7.86327513
12,5,2012,7.73581528
13,5,2012,7.63089985
14,5,2012,9.08024445
15,5,2012,8.81060716
16,5,2012,8.35389752
17,5,2012,8.22932249
18,5,2012,8.21345663
19,5,2012,7.85958876
20,5,2012,7.9815912
21,5,2012,9.3223422
22,5,2012,8.53599548
23,5,2012,8.38037819
24,5,2012,8.37167395
25,5,2012,8.30933842
26,5,2012,8.24939824
27,5,2012,9.05107883
28,5,2012,8.41988886
29,5,2012,10.3317675
30,5,2012,8.79039066
31,5,2012,8.53201646
1,6,2012,12.1289206
2,6,2012,9.9023363
3,6,2012,9.76125258
4,6,2012,9.97113158
5,6,2012,9.38664874
6,6,2012,9.32181491
7,6,2012,9.49151182
8,6,2012,9.16160711
9,6,2012,9.09868073
10,6,2012,9.13702045
11,6,2012,9.16583214
12,6,2012,12.1877656
13,6,2012,9.32453134
14,6,2012,9.36758292
15,6,2012,9.39016995
16,6,2012,9.28530369
17,6,2012,9.14392949
18,6,2012,9.40071008
19,6,2012,8.95705532
20,6,2012,9.18156304
21,6,2012,9.0031271
22,6,2012,8.98299309
23,6,2012,9.34433075
24,6,2012,9.29983139
25,6,2012,9.77250866
26,6,2012,9.84271266
27,6,2012,9.66592968
28,6,2012,9.76128896
29,6,2012,14.21661
30,6,2012,9.4480882
1,7,2012,9.44123394
2,7,2012,10.2922741
3,7,2012,9.86334003
4,7,2012,9.98965678
5,7,2012,9.75285294
6,7,2012,10.1747994
7,7,2012,9.99500276
8,7,2012,10.6132958
9,7,2012,14.2097286
10,7,2012,10.05843
11,7,2012,9.98360324
12,7,2012,10.7970061
13,7,2012,10.5237611
14,7,2012,9.98514855
15,7,2012,11.1116201
16,7,2012,10.7238874
17,7,2012,10.7362527
18,7,2012,11.3365792
19,7,2012,14.6880277
20,7,2012,10.3349247
21,7,2012,18.6644007
22,7,2012,10.9868197
23,7,2012,10.4828903
24,7,2012,10.3246569
25,7,2012,10.2233002
26,7,2012,18.4435201
27,7,2012,10.2251712
28,7,2012,10.2748269
29,7,2012,10.2513751
30,7,2012,10.3292802
31,7,2012,10.2596701
1,8,2012,10.4439418
2,8,2012,10.3866718
3,8,2012,10.4871634
4,8,2012,10.6146413
5,8,2012,20.9837231
6,8,2012,10.5333923
7,8,2012,10.6155674
8,8,2012,10.6737014
9,8,2012,10.6260415
10,8,2012,20.7831997
11,8,2012,12.4068326
12,8,2012,10.4799145
13,8,2012,10.4768794
14,8,2012,27.144149
15,8,2012,13.2134571
16,8,2012,12.3682977
17,8,2012,14.2071183
18,8,2012,12.4905489
19,8,2012,11.8653125
20,8,2012,15.0912782
21,8,2012,11.7153368
22,8,2012,11.5132482
23,8,2012,11.576653
24,8,2012,11.0836696
25,8,2012,11.0895412
26,8,2012,36.2231718
27,8,2012,18.5591287
28,8,2012,17.3806804
29,8,2012,15.7257437
30,8,2012,14.4313462
31,8,2012,13.6083123
1,9,2012,18.1713556
2,9,2012,13.7840948
3,9,2012,18.9532335
4,9,2012,13.7104305
5,9,2012,13.3716163
6,9,2012,13.6041479
7,9,2012,13.2181591
8,9,2012,20.0962169
9,9,2012,13.4153372
10,9,2012,12.6431547
11,9,2012,12.0920849
12,9,2012,11.9075681
13,9,2012,11.4366362
14,9,2012,11.2294378
15,9,2012,11.1024299
16,9,2012,11.06216
17,9,2012,10.9815798
18,9,2012,26.0133838
19,9,2012,11.6644554
20,9,2012,11.1348091
21,9,2012,10.8215323
22,9,2012,10.7719438
23,9,2012,10.4864938
24,9,2012,10.5984456
25,9,2012,10.3697966
26,9,2012,10.4296581
27,9,2012,15.022359
28,9,2012,10.4764395
29,9,2012,10.3152252
30,9,2012,10.5896504
1,10,2012,10.3124638
2,10,2012,29.3569621
3,10,2012,22.386203
4,10,2012,13.1263223
5,10,2012,12.2161448
6,10,2012,11.3348879
7,10,2012,11.9710333
8,10,2012,11.1476876
9,10,2012,10.8766791
10,10,2012,10.7063216
11,10,2012,10.9515343
12,10,2012,10.4675514
13,10,2012,10.4772393
14,10,2012,10.4091093
15,10,2012,17.2638874
16,10,2012,10.6141246
17,10,2012,10.3226355
18,10,2012,15.0653517
19,10,2012,26.21469
20,10,2012,13.5362124
21,10,2012,12.7588275
22,10,2012,12.0914532
23,10,2012,11.13362
24,10,2012,10.9983527
25,10,2012,10.8254251
26,10,2012,10.5843045
27,10,2012,10.7724104
28,10,2012,12.0756813
29,10,2012,36.0100443
30,10,2012,24.4955427
31,10,2012,20.228211
1,11,2012,19.5559274
2,11,2012,18.1785256
3,11,2012,17.6352556
4,11,2012,16.8575954
5,11,2012,16.3516412
6,11,2012,15.9936015
7,11,2012,15.931864
8,11,2012,15.5984349
9,11,2012,15.7020268
10,11,2012,16.7155384
11,11,2012,16.7139055
12,11,2012,15.8113055
13,11,2012,17.6247031
14,11,2012,13.6948637
15,11,2012,12.5198404
16,11,2012,11.9959528
17,11,2012,11.7022345
18,11,2012,11.1515684
19,11,2012,10.886411
20,11,2012,10.5851299
21,11,2012,10.477076
22,11,2012,10.2274447
23,11,2012,10.007976
24,11,2012,9.94890272
25,11,2012,9.75225164
26,11,2012,9.71996913
27,11,2012,10.8940346
28,11,2012,9.40544965
29,11,2012,9.27600974
30,11,2012,9.12706815
1,12,2012,9.02942214
2,12,2012,8.87177732
3,12,2012,8.694
4,12,2012,8.7761043
5,12,2012,8.54678254
6,12,2012,8.50878384
7,12,2012,8.59514844
8,12,2012,8.44018279
9,12,2012,10.9769548
10,12,2012,8.50596926
11,12,2012,8.36108504
12,12,2012,8.25086814
13,12,2012,8.19104042
14,12,2012,8.03727137
15,12,2012,8.03439012
16,12,2012,8.09686943
17,12,2012,8.09546406
18,12,2012,7.96645919
19,12,2012,7.93464101
20,12,2012,11.3173965
21,12,2012,11.7194215
22,12,2012,8.5460565
23,12,2012,8.20182593
24,12,2012,7.97297818
25,12,2012,9.02877714
26,12,2012,11.2283922
27,12,2012,9.5775508
28,12,2012,8.55960208
29,12,2012,8.19674374
30,12,2012,7.93414951
31,12,2012,7.77573313
1,1,2013,7.72950003
2,1,2013,7.67530696
3,1,2013,7.65446374
4,1,2013,7.51642641
5,1,2013,7.4683369
6,1,2013,7.37091427
7,1,2013,7.38443659
8,1,2013,7.27180276
9,1,2013,7.12105667
10,1,2013,7.13448161
11,1,2013,7.70025435
12,1,2013,7.17131844
13,1,2013,7.21531369
14,1,2013,7.65321142
15,1,2013,8.98100848
16,1,2013,9.32479957
17,1,2013,7.58802538
18,1,2013,7.30491365
19,1,2013,7.22262492
20,1,2013,7.08642155
21,1,2013,7.03396301
22,1,2013,7.01251379
23,1,2013,6.99460599
24,1,2013,6.90766854
25,1,2013,6.86775057
26,1,2013,6.88236857
27,1,2013,6.8745097
28,1,2013,7.02149431
29,1,2013,6.8144683
30,1,2013,9.27643604
31,1,2013,8.72664967
1,2,2013,7.86697771
2,2,2013,7.53258915
3,2,2013,7.28844282
4,2,2013,7.18309368
5,2,2013,7.21132817
6,2,2013,7.14530854
7,2,2013,7.07121925
8,2,2013,7.16247937
9,2,2013,6.98659759
10,2,2013,6.95141652
11,2,2013,7.52643715
12,2,2013,7.06244006
13,2,2013,6.94645854
14,2,2013,7.10551249
15,2,2013,6.99934736
16,2,2013,6.97536367
17,2,2013,6.84308042
18,2,2013,6.85128516
19,2,2013,6.968554
20,2,2013,6.87767352
21,2,2013,6.86056917
22,2,2013,6.8344993
23,2,2013,6.88060145
24,2,2013,6.79653004
25,2,2013,6.88080474
26,2,2013,7.0770329
27,2,2013,6.85575556
28,2,2013,6.85502206
1,3,2013,6.95836875
2,3,2013,6.90779171
3,3,2013,6.904634
4,3,2013,7.01336727
5,3,2013,7.00152899
6,3,2013,7.50070807
7,3,2013,6.87036493
8,3,2013,7.07673654
9,3,2013,6.99375145
10,3,2013,7.07931872
11,3,2013,7.06531564
12,3,2013,7.30162263
13,3,2013,6.92835986
14,3,2013,7.06639703
15,3,2013,7.01643674
16,3,2013,7.13289961
17,3,2013,7.13938109
18,3,2013,6.99799572
19,3,2013,7.18748621
20,3,2013,7.21363152
21,3,2013,7.15090683
22,3,2013,7.31194517
23,3,2013,7.35508013
24,3,2013,7.38295443
25,3,2013,7.40937118
26,3,2013,7.40761326
27,3,2013,7.46932258
28,3,2013,7.43969174
29,3,2013,7.4697427
30,3,2013,7.48005374
31,3,2013,7.57011719
1,4,2013,7.58136333
2,4,2013,7.64478788
3,4,2013,7.65504241
4,4,2013,7.62696354
5,4,2013,7.58990312
6,4,2013,7.57457179
7,4,2013,7.66955116
8,4,2013,7.81848566
9,4,2013,7.81671222
10,4,2013,7.8796756
11,4,2013,7.9510151
12,4,2013,7.631147
13,4,2013,8.02787127
14,4,2013,7.94830843
15,4,2013,8.0149543
16,4,2013,7.96670133
17,4,2013,8.11444069
18,4,2013,8.25886236
19,4,2013,7.9446005
20,4,2013,8.34942945
21,4,2013,8.41687685
22,4,2013,8.4158832
23,4,2013,8.4508715
24,4,2013,8.36785588
25,4,2013,8.49732084
26,4,2013,8.48621845
27,4,2013,8.75100985
28,4,2013,8.6085002
29,4,2013,8.7005081
30,4,2013,8.84917447
1,5,2013,8.77895249
2,5,2013,8.77877613
3,5,2013,8.84316443
4,5,2013,8.98390247
5,5,2013,8.891385
6,5,2013,9.07094143
7,5,2013,8.92799867
8,5,2013,8.99229022
9,5,2013,9.06332308
10,5,2013,9.03411792
11,5,2013,9.49110234
12,5,2013,9.29943452
13,5,2013,9.3581149
14,5,2013,9.42898576
15,5,2013,9.39711394
16,5,2013,9.50002906
17,5,2013,9.30567259
18,5,2013,9.4080955
19,5,2013,9.47334308
20,5,2013,9.53292499
21,5,2013,9.80912567
22,5,2013,9.78568885
23,5,2013,10.9769586
24,5,2013,10.0962839
25,5,2013,10.0804813
26,5,2013,9.97327216
27,5,2013,9.806491
28,5,2013,9.96576951
29,5,2013,10.1808854
30,5,2013,10.1573131
31,5,2013,10.2322336
1,6,2013,10.1380701
2,6,2013,11.0645733
3,6,2013,11.3632362
4,6,2013,10.5623019
5,6,2013,10.5007447
6,6,2013,11.7545718
7,6,2013,13.849515
8,6,2013,11.2786977
9,6,2013,10.9667119
10,6,2013,16.3210089
11,6,2013,12.1752825
12,6,2013,11.8477051
13,6,2013,12.4729588
14,6,2013,11.8992345
15,6,2013,11.635613
16,6,2013,11.9221491
17,6,2013,11.6635015
18,6,2013,11.998248
19,6,2013,12.2007369
20,6,2013,11.8688002
21,6,2013,11.9487073
22,6,2013,11.9470587
23,6,2013,12.0199793
24,6,2013,11.8921984
25,6,2013,13.4468306
26,6,2013,12.2503124
27,6,2013,14.9719024
28,6,2013,12.0910531
29,6,2013,12.0176105
30,6,2013,15.2214399
1,7,2013,15.2523954
2,7,2013,12.7403367
3,7,2013,13.6994019
4,7,2013,12.4110468
5,7,2013,12.4576915
6,7,2013,12.1669803
7,7,2013,12.2479857
8,7,2013,12.2078629
9,7,2013,12.4306933
10,7,2013,12.5832633
11,7,2013,12.404635
12,7,2013,17.3687609
13,7,2013,13.4293287
14,7,2013,12.7193734
15,7,2013,12.631322
16,7,2013,12.5663726
17,7,2013,12.3234705
18,7,2013,12.3584776
19,7,2013,12.0625977
20,7,2013,12.4399144
21,7,2013,12.2982148
22,7,2013,17.9519812
23,7,2013,12.7428392
24,7,2013,12.3604026
25,7,2013,12.4811737
26,7,2013,12.2185712
27,7,2013,20.6661792
28,7,2013,13.1003152
29,7,2013,12.7599639
30,7,2013,12.5580393
31,7,2013,12.6999016
1,8,2013,13.8011755
2,8,2013,12.5687065
3,8,2013,12.8545767
4,8,2013,12.7832629
5,8,2013,12.7965435
6,8,2013,12.9515839
7,8,2013,23.8228242
8,8,2013,18.4153436
9,8,2013,18.3091962
10,8,2013,13.585853
11,8,2013,13.2998031
12,8,2013,13.0161382
13,8,2013,15.3616972
14,8,2013,12.8346774
15,8,2013,12.8025657
16,8,2013,12.7412392
17,8,2013,12.753962
18,8,2013,12.8362394
19,8,2013,12.7016434
20,8,2013,12.6720294
21,8,2013,12.7034994
22,8,2013,12.7292691
23,8,2013,12.7558242
24,8,2013,13.0756463
25,8,2013,13.6381703
26,8,2013,15.1209843
27,8,2013,14.4370195
28,8,2013,15.5062872
29,8,2013,15.0762614
30,8,2013,14.8615034
31,8,2013,17.8055407
1,9,2013,19.2031351
2,9,2013,23.3707794
3,9,2013,20.0752293
4,9,2013,23.9928096
5,9,2013,25.6578435
6,9,2013,26.3061155
7,9,2013,26.1594777
8,9,2013,32.2957924
9,9,2013,26.5769779
10,9,2013,33.4110976
11,9,2013,30.5412909
12,9,2013,19.2442881
13,9,2013,20.5949786
14,9,2013,22.6918038
15,9,2013,22.7400321
16,9,2013,28.9748994
17,9,2013,31.8931283
18,9,2013,26.7261866
19,9,2013,35.0603173
20,9,2013,48.4814339
21,9,2013,24.1121255
22,9,2013,19.0466807
23,9,2013,24.1462736
24,9,2013,21.2762357
25,9,2013,143.794516
26,9,2013,32.493026
27,9,2013,32.4283371
28,9,2013,35.1882438
29,9,2013,35.8512497
30,9,2013,35.2252552
1,10,2013,39.7108279
2,10,2013,41.7388222
3,10,2013,44.8172614
4,10,2013,65.2280364
5,10,2013,61.0497441
6,10,2013,50.2911547
7,10,2013,26.6925032
8,10,2013,21.8222036
9,10,2013,22.6386798
10,10,2013,30.4873046
11,10,2013,34.5382711
12,10,2013,19.6482048
13,10,2013,18.6945379
14,10,2013,15.2824847
15,10,2013,14.2293628
16,10,2013,13.5850288
17,10,2013,13.5838156
18,10,2013,13.0677498
19,10,2013,13.6802151
20,10,2013,13.15491
21,10,2013,13.1118387
22,10,2013,13.1676351
23,10,2013,13.3700101
24,10,2013,13.1688105
25,10,2013,12.9051778
26,10,2013,12.1619197
27,10,2013,11.9674354
28,10,2013,11.8001319
29,10,2013,11.5509759
30,10,2013,11.7747833
31,10,2013,11.6684574
1,11,2013,17.5407312
2,11,2013,11.6175498
3,11,2013,11.6673003
4,11,2013,11.4726865
5,11,2013,11.5795646
6,11,2013,11.6502975
7,11,2013,11.3071748
8,11,2013,11.8479288
9,11,2013,11.5221835
10,11,2013,11.7489503
11,11,2013,11.8629995
12,11,2013,11.8204457
13,11,2013,11.7122147
14,11,2013,11.8764015
15,11,2013,11.7598082
16,11,2013,11.057438
17,11,2013,11.9263509
18,11,2013,10.9699581
19,11,2013,11.8792186
20,11,2013,12.2525882
21,11,2013,12.3526348
22,11,2013,12.4692695
23,11,2013,12.8761076
24,11,2013,12.5428922
25,11,2013,13.1947345
26,11,2013,17.2495344
27,11,2013,16.9866185
28,11,2013,10.8761413
29,11,2013,10.7073447
30,11,2013,10.4029454
1,12,2013,10.334159
2,12,2013,10.4002102
3,12,2013,10.1803785
4,12,2013,10.1163619
5,12,2013,10.108755
6,12,2013,15.2918281
7,12,2013,11.449601
8,12,2013,10.428302
9,12,2013,10.3317176
10,12,2013,10.2075222
11,12,2013,9.98033634
12,12,2013,9.84763302
13,12,2013,9.82374769
14,12,2013,9.77712485
15,12,2013,9.65982858
16,12,2013,9.48048875
17,12,2013,9.50591105
18,12,2013,9.46310583
19,12,2013,9.41527506
20,12,2013,9.53518383
21,12,2013,9.27326962
22,12,2013,9.22461656
23,12,2013,12.6211325
24,12,2013,9.34965517
25,12,2013,9.22703809
26,12,2013,9.17718023
27,12,2013,9.00349958
28,12,2013,8.96853224
29,12,2013,12.0255968
30,12,2013,9.48187401
31,12,2013,9.19087001
1,1,2014,9.00273194
2,1,2014,9.00177413
3,1,2014,8.80315776
4,1,2014,8.76125618
5,1,2014,8.67098018
6,1,2014,8.7225114
7,1,2014,8.57718835
8,1,2014,8.58995212
9,1,2014,8.49139676
10,1,2014,9.02974391
11,1,2014,10.838696
12,1,2014,9.04380102
13,1,2014,8.6851386
14,1,2014,9.80122627
15,1,2014,8.58473023
16,1,2014,8.48761208
17,1,2014,8.41956764
18,1,2014,8.40513462
19,1,2014,8.35675716
20,1,2014,8.32351784
21,1,2014,8.17504359
22,1,2014,8.3113651
23,1,2014,8.11456042
24,1,2014,8.1483322
25,1,2014,8.07678326
26,1,2014,8.05428463
27,1,2014,8.05565829
28,1,2014,8.0882214
29,1,2014,8.06436838
30,1,2014,8.0196155
31,1,2014,8.11799794
1,2,2014,8.02025266
2,2,2014,8.30396001
3,2,2014,9.04608404
4,2,2014,7.93873729
5,2,2014,7.93837849
6,2,2014,7.95585768
7,2,2014,7.93196187
8,2,2014,7.94432823
9,2,2014,7.92821667
10,2,2014,7.98516989
11,2,2014,7.98144999
12,2,2014,7.89776922
13,2,2014,8.08285603
14,2,2014,7.89172929
15,2,2014,8.0687281
16,2,2014,7.95225218
17,2,2014,8.13001534
18,2,2014,8.08644569
19,2,2014,7.91120895
20,2,2014,8.10489166
21,2,2014,7.85399068
22,2,2014,7.93192392
23,2,2014,8.05143051
24,2,2014,8.25183037
25,2,2014,8.20875281
26,2,2014,8.31556265
27,2,2014,8.40431356
28,2,2014,8.57473614
1,3,2014,8.71385364
2,3,2014,8.88150182
3,3,2014,8.89166123
4,3,2014,9.10759625
5,3,2014,8.87112395
6,3,2014,8.84168092
7,3,2014,9.22136862
8,3,2014,9.17589362
9,3,2014,9.33383339
10,3,2014,9.28528982
11,3,2014,9.51446466
12,3,2014,7.8794523
13,3,2014,8.6854391
14,3,2014,9.20781408
15,3,2014,9.16904984
16,3,2014,9.56498582
17,3,2014,9.52627475
18,3,2014,9.60542692
19,3,2014,8.08349126
20,3,2014,8.87340892
21,3,2014,9.55601255
22,3,2014,9.28550855
23,3,2014,9.25957033
24,3,2014,9.22676667
25,3,2014,9.67521954
26,3,2014,9.82061529
27,3,2014,10.0127628
28,3,2014,9.15610773
29,3,2014,9.99836452
30,3,2014,9.95947041
31,3,2014,10.2300196
1,4,2014,10.5651756
2,4,2014,10.5256146
3,4,2014,9.8321865
4,4,2014,10.550054
5,4,2014,11.1302965
6,4,2014,10.996987
7,4,2014,8.81855183
8,4,2014,10.0821384
9,4,2014,10.6079943
10,4,2014,10.4103054
11,4,2014,11.2310728
12,4,2014,11.2777739
13,4,2014,10.851929
14,4,2014,11.6336712
15,4,2014,7.86992959
16,4,2014,9.60019474
17,4,2014,9.54010228
18,4,2014,9.81839373
19,4,2014,10.0580723
20,4,2014,9.7663472
21,4,2014,10.0005475
22,4,2014,9.67827529
23,4,2014,10.2900773
24,4,2014,10.2448251
25,4,2014,8.91246687
26,4,2014,10.3467831
27,4,2014,10.290996
28,4,2014,9.78494926
29,4,2014,8.31129842
30,4,2014,18.1775531
1,5,2014,8.55178519
2,5,2014,8.74607303
3,5,2014,9.18630164
4,5,2014,9.34670383
5,5,2014,9.75035286
6,5,2014,9.89829796
7,5,2014,9.77788051
8,5,2014,10.2914099
9,5,2014,10.2361552
10,5,2014,9.73169095
11,5,2014,10.2150624
12,5,2014,9.98421074
13,5,2014,10.4042579
14,5,2014,10.6024554
15,5,2014,10.9060802
16,5,2014,15.645338
17,5,2014,10.9430958
18,5,2014,11.3187328
19,5,2014,11.3650064
20,5,2014,11.4788529
21,5,2014,11.5210839
22,5,2014,11.7544525
23,5,2014,11.6897744
24,5,2014,11.8493719
25,5,2014,12.0748372
26,5,2014,12.0124832
27,5,2014,11.7761191
28,5,2014,12.0322532
29,5,2014,12.3053467
30,5,2014,12.2464347
31,5,2014,12.3407139
1,6,2014,12.5760787
2,6,2014,12.6113398
3,6,2014,12.5356336
4,6,2014,12.6924931
5,6,2014,12.6983894
6,6,2014,12.7652733
7,6,2014,12.8510864
8,6,2014,13.2801414
9,6,2014,13.1600413
10,6,2014,13.0018279
11,6,2014,13.0176975
12,6,2014,13.4651448
13,6,2014,13.3900195
14,6,2014,13.2354279
15,6,2014,13.2890225
16,6,2014,13.4805583
17,6,2014,14.1518297
18,6,2014,18.5372257
19,6,2014,14.0080839
20,6,2014,13.5903706
21,6,2014,13.749443
22,6,2014,13.6337748
23,6,2014,13.7102706
24,6,2014,14.0197605
25,6,2014,15.9307866
26,6,2014,13.9804109
27,6,2014,13.8642611
28,6,2014,13.8661892
29,6,2014,14.488385
30,6,2014,14.0812913
1,7,2014,14.381774
2,7,2014,14.211881
3,7,2014,18.1233037
4,7,2014,14.6791556
5,7,2014,14.4946495
6,7,2014,14.5517949
7,7,2014,14.3638362
8,7,2014,15.344134
9,7,2014,14.7621975
10,7,2014,14.6901756
11,7,2014,15.0098281
12,7,2014,15.0993433
13,7,2014,16.1699616
14,7,2014,17.6013106
15,7,2014,16.6182598
16,7,2014,14.7941562
17,7,2014,15.2554472
18,7,2014,15.2034831
19,7,2014,15.70181
20,7,2014,15.5156896
21,7,2014,16.336588
22,7,2014,15.7923576
23,7,2014,17.1945573
24,7,2014,15.5393689
25,7,2014,16.7919282
26,7,2014,16.4390632
27,7,2014,16.4702372
28,7,2014,17.5100861
29,7,2014,17.4549543
30,7,2014,17.9894158
31,7,2014,24.5762796
1,8,2014,22.0699641
2,8,2014,16.7371525
3,8,2014,26.5943546
4,8,2014,15.8501717
5,8,2014,15.7017781
6,8,2014,15.4601301
7,8,2014,15.5554881
8,8,2014,15.9875895
9,8,2014,17.2385996
10,8,2014,17.6645594
11,8,2014,16.9045834
12,8,2014,38.3607573
13,8,2014,20.0024387
14,8,2014,18.2509392
15,8,2014,17.7590963
16,8,2014,16.7144228
17,8,2014,16.4552894
18,8,2014,16.5194924
19,8,2014,16.064233
20,8,2014,16.3818079
21,8,2014,16.4715378
22,8,2014,16.100826
23,8,2014,17.4590596
24,8,2014,16.4159192
25,8,2014,16.3269432
26,8,2014,16.1559681
27,8,2014,15.7440532
28,8,2014,15.8566525
29,8,2014,16.1947453
30,8,2014,16.6247363
31,8,2014,20.812114
1,9,2014,15.8300804
2,9,2014,29.6625311
3,9,2014,15.904714
4,9,2014,16.0515178
5,9,2014,16.0868733
6,9,2014,20.5724191
7,9,2014,16.4736343
8,9,2014,16.398193
9,9,2014,16.8320537
10,9,2014,16.8699398
11,9,2014,17.593259
12,9,2014,17.7796766
13,9,2014,17.4275727
14,9,2014,17.4797363
15,9,2014,17.3942878
16,9,2014,19.278198
17,9,2014,20.3711189
18,9,2014,20.4827798
19,9,2014,23.1382828
20,9,2014,21.159038
21,9,2014,29.8962654
22,9,2014,30.060444
23,9,2014,38.8630707
24,9,2014,33.3032375
25,9,2014,36.9314107
26,9,2014,15.518583
27,9,2014,15.9458144
28,9,2014,16.5147891
29,9,2014,17.2003733
30,9,2014,22.324868
1,10,2014,17.0778965
2,10,2014,17.5961637
3,10,2014,15.8117155
4,10,2014,16.4893263
5,10,2014,18.6304099
6,10,2014,18.5282439
7,10,2014,17.7115756
8,10,2014,16.6392326
9,10,2014,17.479886
10,10,2014,18.7003657
11,10,2014,19.9930483
12,10,2014,17.8075935
13,10,2014,17.6915701
14,10,2014,19.1495869
15,10,2014,30.6446462
16,10,2014,15.9530013
17,10,2014,15.4229396
18,10,2014,15.4266115
19,10,2014,15.1471814
20,10,2014,15.4119086
21,10,2014,24.6981084
22,10,2014,28.0280798
23,10,2014,16.0817951
24,10,2014,15.9511413
25,10,2014,15.4088971
26,10,2014,15.2322297
27,10,2014,15.0292678
28,10,2014,14.8965383
29,10,2014,15.1651152
30,10,2014,14.8092129
31,10,2014,14.6215051
1,11,2014,14.7222071
2,11,2014,14.6897873
3,11,2014,14.6443648
4,11,2014,14.5285335
5,11,2014,14.803417
6,11,2014,24.206956
7,11,2014,14.7659833
8,11,2014,14.3025607
9,11,2014,14.6185864
10,11,2014,14.1896946
11,11,2014,14.2679462
12,11,2014,14.3377335
13,11,2014,14.4506508
14,11,2014,14.2312142
15,11,2014,14.367571
16,11,2014,13.9620402
17,11,2014,22.5862139
18,11,2014,14.865905
19,11,2014,14.3897156
20,11,2014,14.1106808
21,11,2014,13.9155229
22,11,2014,13.4163547
23,11,2014,13.6282755
24,11,2014,18.6615143
25,11,2014,13.4570598
26,11,2014,19.9620521
27,11,2014,17.4467168
28,11,2014,14.3799866
29,11,2014,14.4216602
30,11,2014,14.0053291
1,12,2014,13.7411785
2,12,2014,15.6606681
3,12,2014,13.4021086
4,12,2014,13.2906526
5,12,2014,13.1439864
6,12,2014,12.8328576
7,12,2014,12.7684066
8,12,2014,12.8045655
9,12,2014,12.5947351
10,12,2014,12.4874022
11,12,2014,12.3335762
12,12,2014,12.3339068
13,12,2014,12.1538677
14,12,2014,12.200817
15,12,2014,12.0743441
16,12,2014,15.0157602
17,12,2014,12.1770569
18,12,2014,11.7921316
19,12,2014,11.7311102
20,12,2014,11.868576
21,12,2014,11.6979785
22,12,2014,11.6751413
23,12,2014,12.6125952
24,12,2014,15.0264505
25,12,2014,13.0425733
26,12,2014,12.093524
27,12,2014,11.7868827
28,12,2014,11.7800272
29,12,2014,11.4244524
30,12,2014,11.3001799
31,12,2014,11.1279835
1,1,2015,10.9724219
2,1,2015,10.9634734
3,1,2015,12.7908198
4,1,2015,13.1528465
5,1,2015,11.2776955
6,1,2015,11.1726936
7,1,2015,11.1234331
8,1,2015,10.9305974
9,1,2015,10.6155158
10,1,2015,10.6033285
11,1,2015,10.5362641
12,1,2015,12.2429405
13,1,2015,10.4314096
14,1,2015,10.4901471
15,1,2015,10.4753316
16,1,2015,10.4467656
17,1,2015,10.1372678
18,1,2015,10.2055067
19,1,2015,10.122125
20,1,2015,9.92841516
21,1,2015,10.1374331
22,1,2015,10.0077752
23,1,2015,10.419541
24,1,2015,11.0002422
25,1,2015,10.3017268
26,1,2015,10.1797059
27,1,2015,10.0450571
28,1,2015,9.82489192
29,1,2015,9.91930127
30,1,2015,9.90496622
31,1,2015,9.78804011
1,2,2015,9.81208262
2,2,2015,10.0386072
3,2,2015,9.76830772
4,2,2015,9.73846414
5,2,2015,9.60356286
6,2,2015,9.77417185
7,2,2015,9.8447029
8,2,2015,9.79980976
9,2,2015,9.67164392
10,2,2015,9.73699153
11,2,2015,9.91390396
12,2,2015,9.84345908
13,2,2015,9.74073995
14,2,2015,9.77208558
15,2,2015,9.9535608
16,2,2015,9.98355644
17,2,2015,10.3152592
18,2,2015,10.3620456
19,2,2015,10.7042062
20,2,2015,10.6818303
21,2,2015,10.7112829
22,2,2015,10.7793888
23,2,2015,10.8577304
24,2,2015,10.8210654
25,2,2015,11.1675734
26,2,2015,11.2124526
27,2,2015,11.5326392
28,2,2015,11.5780377
1,3,2015,11.6709818
2,3,2015,11.6630906
3,3,2015,12.0313884
4,3,2015,8.88640674
5,3,2015,9.72634478
6,3,2015,10.2237506
7,3,2015,10.407046
8,3,2015,10.7775249
9,3,2015,10.9517749
10,3,2015,8.99250248
11,3,2015,9.93868105
12,3,2015,10.388827
13,3,2015,10.455703
14,3,2015,8.49194967
15,3,2015,9.6714331
16,3,2015,9.92488312
17,3,2015,9.79563706
18,3,2015,10.0664487
19,3,2015,10.2265975
20,3,2015,10.1178607
21,3,2015,9.00572223
22,3,2015,10.1673739
23,3,2015,10.3029721
24,3,2015,10.5418457
25,3,2015,10.3806938
26,3,2015,8.64107566
27,3,2015,8.0015025
28,3,2015,9.59811916
29,3,2015,9.88483714
30,3,2015,10.1350161
31,3,2015,10.3152412
1,4,2015,10.3448409
2,4,2015,10.5508991
3,4,2015,10.6152847
4,4,2015,10.5900882
5,4,2015,10.8566832
6,4,2015,10.8662801
7,4,2015,10.8579377
8,4,2015,9.88991784
9,4,2015,10.5197563
10,4,2015,11.1097983
11,4,2015,11.2542845
12,4,2015,11.3307448
13,4,2015,11.7048988
14,4,2015,11.24853
15,4,2015,11.8737281
16,4,2015,11.8508324
17,4,2015,11.3638531
18,4,2015,12.0977646
19,4,2015,11.4024818
20,4,2015,9.20344933
21,4,2015,11.1780095
22,4,2015,11.4440642
23,4,2015,11.9618354
24,4,2015,12.0471847
25,4,2015,12.1053008
26,4,2015,12.3067034
27,4,2015,12.6678822
28,4,2015,12.7046296
29,4,2015,12.9391601
30,4,2015,12.7394071
1,5,2015,13.1456595
2,5,2015,13.1388217
3,5,2015,13.2740902
4,5,2015,13.2435242
5,5,2015,13.7772707
6,5,2015,13.5348623
7,5,2015,13.922615
8,5,2015,14.4865469
9,5,2015,14.941988
10,5,2015,15.280926
11,5,2015,15.8213306
12,5,2015,15.9888191
13,5,2015,16.6090042
14,5,2015,16.4284103
15,5,2015,18.1342289
16,5,2015,13.4686457
17,5,2015,16.7382594
18,5,2015,10.4514231
19,5,2015,14.1415651
20,5,2015,16.314202
21,5,2015,15.7880838
22,5,2015,17.9796494
23,5,2015,18.7215223
24,5,2015,20.1270776
25,5,2015,21.5993607
26,5,2015,22.7158499
27,5,2015,18.3875695
28,5,2015,23.9937255
29,5,2015,22.2498039
30,5,2015,23.6666686
31,5,2015,15.1889395
1,6,2015,12.2381808
2,6,2015,15.4006529
3,6,2015,17.3823827
4,6,2015,17.1465522
5,6,2015,17.357688
6,6,2015,20.8332152
7,6,2015,20.9087844
8,6,2015,27.0368478
9,6,2015,16.0916171
10,6,2015,16.2876827
11,6,2015,16.1410895
12,6,2015,16.6008552
13,6,2015,16.7235037
14,6,2015,16.7622055
15,6,2015,16.4881855
16,6,2015,16.9025306
17,6,2015,16.8708464
18,6,2015,15.3237094
19,6,2015,16.8962202
20,6,2015,15.4320422
21,6,2015,16.6506117
22,6,2015,17.6865503
23,6,2015,18.0919522
24,6,2015,18.3509454
25,6,2015,16.9854153
26,6,2015,18.7598436
27,6,2015,33.42168
28,6,2015,17.9894343
29,6,2015,19.0816626
30,6,2015,19.0220275
1,7,2015,19.115383
2,7,2015,19.609079
3,7,2015,19.647515
4,7,2015,19.6299472
5,7,2015,19.6165908
6,7,2015,20.1692114
7,7,2015,19.9870499
8,7,2015,19.7810514
9,7,2015,19.7503913
10,7,2015,20.0330974
11,7,2015,19.4930061
12,7,2015,19.5866208
13,7,2015,19.4019519
14,7,2015,19.8411365
15,7,2015,19.4001284
16,7,2015,19.6372796
17,7,2015,19.3941508
18,7,2015,19.5376746
19,7,2015,19.2213944
20,7,2015,19.542486
21,7,2015,19.5267477
22,7,2015,19.6359848
23,7,2015,19.6884269
24,7,2015,19.76841
25,7,2015,20.2759211
26,7,2015,20.5596123
27,7,2015,23.5747958
28,7,2015,20.2240141
29,7,2015,20.4965727
30,7,2015,21.4274486
31,7,2015,20.8960972
1,8,2015,20.912504
2,8,2015,22.2795395
3,8,2015,22.7100358
4,8,2015,20.2238703
5,8,2015,23.2656796
6,8,2015,23.9270123
7,8,2015,24.4090823
8,8,2015,24.6169819
9,8,2015,27.7856145
10,8,2015,23.4300061
11,8,2015,22.6974668
12,8,2015,23.8146235
13,8,2015,24.6266966
14,8,2015,32.494849
15,8,2015,32.4951013
16,8,2015,40.8088137
17,8,2015,40.8638385
18,8,2015,57.0362955
19,8,2015,45.817258
20,8,2015,37.6289734
21,8,2015,20.7861412
22,8,2015,22.0204597
23,8,2015,22.581985
24,8,2015,34.2332026
25,8,2015,21.1224802
26,8,2015,22.0127899
27,8,2015,23.9843312
28,8,2015,25.4861549
29,8,2015,26.6501687
30,8,2015,28.2442898
31,8,2015,29.0235237
1,9,2015,26.9805924
2,9,2015,27.3743724
3,9,2015,29.5272051
4,9,2015,31.4925117
5,9,2015,31.9678253
6,9,2015,41.263202
7,9,2015,51.4381212
8,9,2015,76.9029159
9,9,2015,95.461688
10,9,2015,39.8680444
11,9,2015,27.2235156
12,9,2015,40.8788755
13,9,2015,21.2091867
14,9,2015,21.4700417
15,9,2015,22.5916801
16,9,2015,24.7312258
17,9,2015,27.5798926
18,9,2015,26.8828793
19,9,2015,30.1805058
20,9,2015,28.7995137
21,9,2015,26.1240035
22,9,2015,26.3779373
23,9,2015,29.1263222
24,9,2015,25.4749087
25,9,2015,29.726641
26,9,2015,29.0735045
27,9,2015,39.1874811
28,9,2015,51.5833857
29,9,2015,49.7663564
30,9,2015,25.4812737
1,10,2015,34.9076144
2,10,2015,43.5392262
3,10,2015,36.0214621
4,10,2015,26.3240269
5,10,2015,24.7941542
6,10,2015,23.4446304
7,10,2015,22.9099414
8,10,2015,22.1063227
9,10,2015,24.8469773
10,10,2015,22.0034301
11,10,2015,22.3555893
12,10,2015,22.7815691
13,10,2015,22.0482154
14,10,2015,21.7858905
15,10,2015,21.1434317
16,10,2015,21.3430572
17,10,2015,20.9667778
18,10,2015,20.7236507
19,10,2015,20.8949692
20,10,2015,21.0181571
21,10,2015,21.471129
22,10,2015,21.8326592
23,10,2015,21.5004232
24,10,2015,22.4918636
25,10,2015,22.1936628
26,10,2015,22.4487525
27,10,2015,21.1293117
28,10,2015,34.1248429
29,10,2015,20.6805427
30,10,2015,20.0464248
31,10,2015,19.9063863
1,11,2015,20.2807513
2,11,2015,20.8326839
3,11,2015,20.4634129
4,11,2015,21.2501941
5,11,2015,20.0717558
6,11,2015,20.9064483
7,11,2015,20.6903809
8,11,2015,20.4363937
9,11,2015,26.031208
10,11,2015,28.8665762
11,11,2015,19.740786
12,11,2015,22.4969047
13,11,2015,19.1758661
14,11,2015,19.2039937
15,11,2015,19.1307007
16,11,2015,19.3918159
17,11,2015,19.1061934
18,11,2015,19.487209
19,11,2015,23.0258887
20,11,2015,18.9468488
21,11,2015,18.6438778
22,11,2015,18.9435119
23,11,2015,18.8015655
24,11,2015,19.1887692
25,11,2015,19.1991192
26,11,2015,19.2647284
27,11,2015,19.6107858
28,11,2015,19.8805395
29,11,2015,22.1519708
30,11,2015,18.0552807
1,12,2015,23.026014
2,12,2015,22.9208487
3,12,2015,18.909465
4,12,2015,18.2687031
5,12,2015,18.0229783
6,12,2015,17.6234871
7,12,2015,17.4485582
8,12,2015,17.0470103
9,12,2015,16.9064185
10,12,2015,16.8358195
11,12,2015,16.7824949
12,12,2015,16.6371061
13,12,2015,16.5567544
14,12,2015,16.3591633
15,12,2015,16.4089583
16,12,2015,16.2575911
17,12,2015,19.480728
18,12,2015,15.940741
19,12,2015,15.6936872
20,12,2015,15.7218625
21,12,2015,15.6019405
22,12,2015,16.2319074
23,12,2015,18.2495357
24,12,2015,16.4290695
25,12,2015,19.6473042
26,12,2015,17.9790922
27,12,2015,17.3492693
28,12,2015,17.4937723
29,12,2015,16.8352557
30,12,2015,16.9150506
31,12,2015,16.1154467
1,1,2016,16.0211586
2,1,2016,15.8318316
3,1,2016,15.5474858
4,1,2016,15.3224643
5,1,2016,15.3629404
6,1,2016,15.0804198
7,1,2016,15.2287924
8,1,2016,15.1508667
9,1,2016,15.2017341
10,1,2016,15.9631225
11,1,2016,14.9745091
12,1,2016,14.7219608
13,1,2016,14.4513771
14,1,2016,14.1672682
15,1,2016,14.7626942
16,1,2016,14.059271
17,1,2016,13.9083724
18,1,2016,13.8534366
19,1,2016,13.6683362
20,1,2016,13.42974
21,1,2016,13.4249759
22,1,2016,13.3296459
23,1,2016,13.3228831
24,1,2016,13.2013778
25,1,2016,13.1298082
26,1,2016,13.2067189
27,1,2016,13.4781566
28,1,2016,13.1695701
29,1,2016,13.3571236
30,1,2016,13.1456288
31,1,2016,12.9369783
1,2,2016,12.8391166
2,2,2016,12.8107666
3,2,2016,12.2330833
4,2,2016,12.8516723
5,2,2016,12.5982663
6,2,2016,12.8318169
7,2,2016,12.7637958
8,2,2016,12.7906781
9,2,2016,12.409136
10,2,2016,12.7546697
11,2,2016,12.8403137
12,2,2016,12.8905373
13,2,2016,12.7459228
14,2,2016,12.8170719
15,2,2016,13.096526
16,2,2016,11.3782712
17,2,2016,12.2179906
18,2,2016,12.4405891
19,2,2016,12.518159
20,2,2016,12.6875456
21,2,2016,11.9369284
22,2,2016,12.2637288
23,2,2016,11.0339987
24,2,2016,11.5847028
25,2,2016,11.7094859
26,2,2016,11.7918529
27,2,2016,11.9181793
28,2,2016,12.0315795
29,2,2016,12.1421364
1,3,2016,12.0232444
2,3,2016,11.9366127
3,3,2016,12.3567341
4,3,2016,12.1833006
5,3,2016,12.3710199
6,3,2016,12.6165874
7,3,2016,12.5108849
8,3,2016,12.5943578
9,3,2016,12.8015702
10,3,2016,12.8270799
11,3,2016,12.9227723
12,3,2016,13.1123122
13,3,2016,11.8044805
14,3,2016,11.3839378
15,3,2016,12.9362432
16,3,2016,13.3656285
17,3,2016,13.3790691
18,3,2016,13.7811916
19,3,2016,12.0442034
20,3,2016,13.7545663
21,3,2016,13.924258
22,3,2016,13.8892511
23,3,2016,14.6808296
24,3,2016,14.4422315
25,3,2016,14.6923008
26,3,2016,14.7858893
27,3,2016,14.9478077
28,3,2016,12.0573002
29,3,2016,14.8741635
30,3,2016,15.0159227
31,3,2016,15.2970092
1,4,2016,15.4977307
2,4,2016,14.2593155
3,4,2016,16.0204966
4,4,2016,14.2771442
5,4,2016,15.8352228
6,4,2016,16.343596
7,4,2016,10.2501631
8,4,2016,13.8505278
9,4,2016,12.2920284
10,4,2016,14.232089
11,4,2016,14.6321536
12,4,2016,15.0507728
13,4,2016,15.4158538
14,4,2016,15.8255731
15,4,2016,15.7389743
16,4,2016,16.1594158
17,4,2016,16.5372591
18,4,2016,16.31473
19,4,2016,16.4802201
20,4,2016,16.9069348
21,4,2016,16.6923755
22,4,2016,17.0398501
23,4,2016,16.6057201
24,4,2016,18.0226859
25,4,2016,17.9091184
26,4,2016,18.7170233
27,4,2016,18.5271429
28,4,2016,16.7291591
29,4,2016,19.2374392
30,4,2016,19.7641982
1,5,2016,14.2484304
2,5,2016,15.2836676
3,5,2016,15.9918451
4,5,2016,17.9216287
5,5,2016,18.9172256
6,5,2016,15.1670874
7,5,2016,16.4080587
8,5,2016,17.2473005
9,5,2016,17.4939081
10,5,2016,17.1871163
11,5,2016,16.8060153
12,5,2016,18.5381884
13,5,2016,18.4937202
14,5,2016,18.1340773
15,5,2016,18.9750104
16,5,2016,19.4096318
17,5,2016,17.8896677
18,5,2016,19.5595803
19,5,2016,19.7237761
20,5,2016,20.3773632
21,5,2016,17.5184763
22,5,2016,19.1436251
23,5,2016,18.5109502
24,5,2016,21.0989776
25,5,2016,21.548594
26,5,2016,22.7321447
27,5,2016,23.3539807
28,5,2016,24.5291249
29,5,2016,19.5571428
30,5,2016,23.499211
31,5,2016,24.2764445
1,6,2016,25.0496507
2,6,2016,27.016178
3,6,2016,22.4202017
4,6,2016,26.9294889
5,6,2016,18.1704527
6,6,2016,25.4422503
7,6,2016,26.0486782
8,6,2016,25.9881651
9,6,2016,29.1848378
10,6,2016,29.2029324
11,6,2016,34.3768785
12,6,2016,37.5458733
13,6,2016,40.1074224
14,6,2016,41.9503262
15,6,2016,22.6829234
16,6,2016,22.6097071
17,6,2016,30.1430709
18,6,2016,33.9325282
19,6,2016,33.3438688
20,6,2016,49.034599
21,6,2016,21.8555265
22,6,2016,33.8927767
23,6,2016,23.2377372
24,6,2016,26.9128847
25,6,2016,31.1547576
26,6,2016,32.7067616
27,6,2016,33.155225
28,6,2016,25.0718555
29,6,2016,28.3440793
30,6,2016,31.5087089
1,7,2016,30.7448409
2,7,2016,39.6658166
3,7,2016,37.8695107
4,7,2016,26.5264574
5,7,2016,25.8186181
6,7,2016,29.252463
7,7,2016,30.3706446
8,7,2016,30.6396482
9,7,2016,31.371586
10,7,2016,33.2965956
11,7,2016,33.2976626
12,7,2016,41.9394561
13,7,2016,37.4227635
14,7,2016,46.0633945
15,7,2016,47.0464389
16,7,2016,49.1342146
17,7,2016,50.6150137
18,7,2016,33.6730544
19,7,2016,56.2207332
20,7,2016,78.9693455
21,7,2016,157.163651
22,7,2016,101.998256
23,7,2016,130.904372
24,7,2016,277.896173
25,7,2016,28.8448282
26,7,2016,121.247605
27,7,2016,236.617289
28,7,2016,32.1773006
29,7,2016,33.3209976
30,7,2016,82.0522721
31,7,2016,33.7307932
1,8,2016,32.9000067
2,8,2016,33.0551532
3,8,2016,32.654361
4,8,2016,31.7518716
5,8,2016,31.6083033
6,8,2016,31.6829615
7,8,2016,31.2893557
8,8,2016,31.7125208
9,8,2016,31.1631572
10,8,2016,32.6139119
11,8,2016,32.8547392
12,8,2016,34.3966859
13,8,2016,32.6830475
14,8,2016,38.0940888
15,8,2016,38.3108696
16,8,2016,31.4817032
17,8,2016,39.2447226
18,8,2016,32.4317023
19,8,2016,31.6914178
20,8,2016,31.1462976
21,8,2016,35.314899
22,8,2016,31.3010884
23,8,2016,30.9708887
24,8,2016,30.8322926
25,8,2016,30.8070899
26,8,2016,31.1676136
27,8,2016,31.322937
28,8,2016,31.4296071
29,8,2016,31.3073924
30,8,2016,31.5865307
31,8,2016,32.5691694
1,9,2016,34.1509679
2,9,2016,31.9520421
3,9,2016,31.8034974
4,9,2016,32.8860773
5,9,2016,33.7135074
6,9,2016,34.9480737
7,9,2016,36.2214614
8,9,2016,37.9480743
9,9,2016,36.3065017
10,9,2016,38.4683421
11,9,2016,40.4330319
12,9,2016,42.1863589
13,9,2016,41.1802152
14,9,2016,47.9231814
15,9,2016,42.2293797
16,9,2016,54.9738605
17,9,2016,48.7433403
18,9,2016,71.1820775
19,9,2016,34.9402133
20,9,2016,50.5563657
21,9,2016,48.8824133
22,9,2016,67.2616495
23,9,2016,86.0856192
24,9,2016,77.2034631
25,9,2016,113.547019
26,9,2016,88.5991049
27,9,2016,59.7559754
28,9,2016,32.9885359
29,9,2016,59.0609776
30,9,2016,39.1917277
1,10,2016,44.7995595
2,10,2016,32.3725955
3,10,2016,32.0556375
4,10,2016,32.8671557
5,10,2016,32.5884632
6,10,2016,34.2824771
7,10,2016,33.436256
8,10,2016,32.7967102
9,10,2016,34.1572357
10,10,2016,33.4815321
11,10,2016,32.5124235
12,10,2016,33.3972067
13,10,2016,33.7693124
14,10,2016,35.2440294
15,10,2016,37.478888
16,10,2016,44.3964717
17,10,2016,45.7148086
18,10,2016,52.8896848
19,10,2016,49.7152731
20,10,2016,57.0288181
21,10,2016,33.5437039
22,10,2016,50.6294161
23,10,2016,49.8830158
24,10,2016,59.1044804
25,10,2016,59.7761169
26,10,2016,67.3716959
27,10,2016,31.7994322
28,10,2016,64.0060489
29,10,2016,58.0672045
30,10,2016,37.4025273
31,10,2016,60.0342456
1,11,2016,53.9224432
2,11,2016,59.9408107
3,11,2016,60.8929766
4,11,2016,58.6927937
5,11,2016,51.9283747
6,11,2016,66.0758452
7,11,2016,61.8621782
8,11,2016,66.321224
9,11,2016,31.395698
10,11,2016,53.7804417
11,11,2016,50.6234204
12,11,2016,57.1543931
13,11,2016,56.1617482
14,11,2016,64.0724201
15,11,2016,63.6947782
16,11,2016,62.9403193
17,11,2016,66.8212105
18,11,2016,51.162692
19,11,2016,35.283
20,11,2016,63.7741698
21,11,2016,65.92641
22,11,2016,60.0213035
23,11,2016,56.1719518
24,11,2016,65.4429031
25,11,2016,72.3795945
26,11,2016,71.6163721
27,11,2016,75.8601336
28,11,2016,77.6313267
29,11,2016,33.6900846
30,11,2016,32.033337
1,12,2016,27.564987
2,12,2016,27.304479
3,12,2016,26.9003651
4,12,2016,27.0440011
5,12,2016,27.5761603
6,12,2016,29.9882727
7,12,2016,26.3062662
8,12,2016,26.2446292
9,12,2016,25.7193905
10,12,2016,26.0070772
11,12,2016,26.2708671
12,12,2016,26.9774972
13,12,2016,25.7509153
14,12,2016,25.4873521
15,12,2016,25.8789694
16,12,2016,26.0049966
17,12,2016,26.7559806
18,12,2016,27.1858682
19,12,2016,25.6920564
20,12,2016,27.1593736
21,12,2016,26.9194551
22,12,2016,28.8221446
23,12,2016,28.9838347
24,12,2016,25.6045384
25,12,2016,26.0526033
26,12,2016,27.363061
27,12,2016,27.6409355
28,12,2016,29.4139205
29,12,2016,22.8303858
30,12,2016,27.9780815
31,12,2016,28.5425868
1,1,2017,29.3579829
2,1,2017,23.1491007
3,1,2017,22.4034797
4,1,2017,22.367178
5,1,2017,22.0643765
6,1,2017,21.8909764
7,1,2017,22.5059547
8,1,2017,22.6385336
9,1,2017,22.9463196
10,1,2017,21.655386
11,1,2017,22.3198909
12,1,2017,21.5182019
13,1,2017,22.1974146
14,1,2017,22.6649638
15,1,2017,22.3863461
16,1,2017,21.9971012
17,1,2017,21.1732869
18,1,2017,21.9568666
19,1,2017,22.8461015
20,1,2017,21.5995174
21,1,2017,23.3429057
22,1,2017,20.962276
23,1,2017,19.6050459
24,1,2017,20.3772029
25,1,2017,20.7532504
26,1,2017,20.555123
27,1,2017,21.2152715
28,1,2017,21.6523643
29,1,2017,21.8900738
30,1,2017,21.6802011
31,1,2017,22.1056351
1,2,2017,21.7054053
2,2,2017,22.9042936
3,2,2017,21.846338
4,2,2017,22.5237128
5,2,2017,21.8801933
6,2,2017,23.2674381
7,2,2017,23.4605647
8,2,2017,24.4995498
9,2,2017,18.9163493
10,2,2017,23.2077324
11,2,2017,24.8578657
12,2,2017,19.143322
13,2,2017,24.1261786
14,2,2017,24.4295421
15,2,2017,25.8881003
16,2,2017,26.1757987
17,2,2017,26.4671332
18,2,2017,27.6503944
19,2,2017,28.2789208
20,2,2017,28.9916375
21,2,2017,28.9345317
22,2,2017,29.6002762
23,2,2017,30.8388676
24,2,2017,31.1660149
25,2,2017,25.6497198
26,2,2017,31.8935665
27,2,2017,30.9297792
28,2,2017,20.4359219
1,3,2017,30.1806168
2,3,2017,32.3754413
3,3,2017,30.132231
4,3,2017,35.4690479
5,3,2017,35.1325339
6,3,2017,37.3231895
7,3,2017,29.5637761
8,3,2017,37.0484768
9,3,2017,35.8322328
10,3,2017,21.9649941
11,3,2017,32.9266083
12,3,2017,35.2485897
13,3,2017,35.5331097
14,3,2017,35.4968509
15,3,2017,35.6128868
16,3,2017,38.1422182
17,3,2017,38.7999712
18,3,2017,41.1100782
19,3,2017,25.371046
20,3,2017,39.6955644
21,3,2017,40.7283677
22,3,2017,40.5577134
23,3,2017,39.775809
24,3,2017,41.4036749
25,3,2017,43.51082
26,3,2017,47.9729894
27,3,2017,42.2459791
28,3,2017,30.028584
29,3,2017,46.7832178
30,3,2017,44.3860994
31,3,2017,13.6087495
1,4,2017,25.5867707
2,4,2017,27.2559304
3,4,2017,24.934738
4,4,2017,28.9966881
5,4,2017,29.4706096
6,4,2017,18.6209057
7,4,2017,20.1587118
8,4,2017,21.3160777
9,4,2017,22.1371908
10,4,2017,23.5721625
11,4,2017,23.9374124
12,4,2017,24.0919142
13,4,2017,24.456392
14,4,2017,24.304372
15,4,2017,25.1079273
16,4,2017,24.9614709
17,4,2017,23.5774304
18,4,2017,25.2745506
19,4,2017,25.3150246
20,4,2017,13.4235755
21,4,2017,25.3156733
22,4,2017,23.5104059
23,4,2017,26.6384798
24,4,2017,26.2792431
25,4,2017,19.0325612
26,4,2017,26.6988528
27,4,2017,27.8373753
28,4,2017,28.203816
29,4,2017,29.1501939
30,4,2017,29.6728769
1,5,2017,29.8014328
2,5,2017,30.8012628
3,5,2017,30.1530985
4,5,2017,29.5720673
5,5,2017,22.0957583
6,5,2017,26.0452536
7,5,2017,27.4701351
8,5,2017,28.5475611
9,5,2017,29.6533817
10,5,2017,31.4960046
11,5,2017,20.2885001
12,5,2017,30.6018202
13,5,2017,18.9089477
14,5,2017,29.6508206
15,5,2017,31.1769544
16,5,2017,32.0552828
17,5,2017,33.0728921
18,5,2017,33.4095329
19,5,2017,33.5598262
20,5,2017,34.9123479
21,5,2017,35.4183312
22,5,2017,26.4844411
23,5,2017,33.6155273
24,5,2017,33.0807084
25,5,2017,32.1992714
26,5,2017,29.3201134
27,5,2017,31.0995609
28,5,2017,31.9748899
29,5,2017,33.2578084
30,5,2017,33.800087
31,5,2017,34.8067982
1,6,2017,35.8700015
2,6,2017,36.1690798
3,6,2017,38.0698288
4,6,2017,38.3034486
5,6,2017,37.2014398
6,6,2017,37.3378724
7,6,2017,37.0375792
8,6,2017,38.0380603
9,6,2017,40.0005145
10,6,2017,41.0801548
11,6,2017,45.8708951
12,6,2017,47.1490242
13,6,2017,48.907366
14,6,2017,51.4573536
15,6,2017,55.4839814
16,6,2017,54.7928705
17,6,2017,55.4149278
18,6,2017,60.4344007
19,6,2017,54.929993
20,6,2017,46.8363483
21,6,2017,41.049521
22,6,2017,60.0295274
23,6,2017,54.8607636
24,6,2017,38.5306661
25,6,2017,61.4642388
26,6,2017,62.0069556
27,6,2017,74.4898976
28,6,2017,88.6387562
29,6,2017,97.4384244
30,6,2017,95.0554086
1,7,2017,41.6844486
2,7,2017,96.4304617
3,7,2017,82.8976013
4,7,2017,82.8736482
5,7,2017,100.622831
6,7,2017,32.3349764
7,7,2017,48.8247254
8,7,2017,59.6593367
9,7,2017,64.2604169
10,7,2017,85.0845651
11,7,2017,84.1639714
12,7,2017,118.027593
13,7,2017,95.9898581
14,7,2017,99.608473
15,7,2017,49.0266584
16,7,2017,115.147832
17,7,2017,45.0690708
18,7,2017,46.4566406
19,7,2017,65.789077
20,7,2017,69.3659005
21,7,2017,79.1476532
22,7,2017,48.7344103
23,7,2017,45.7317635
24,7,2017,52.3027448
25,7,2017,62.290499
26,7,2017,65.5999017
27,7,2017,75.2889038
28,7,2017,48.6824729
29,7,2017,49.5197649
30,7,2017,51.2176869
31,7,2017,54.3244108
1,8,2017,49.6068152
2,8,2017,48.9816135
3,8,2017,55.3916997
4,8,2017,49.937755
5,8,2017,52.6524979
6,8,2017,57.4200069
7,8,2017,53.057367
8,8,2017,55.467306
9,8,2017,57.5689326
10,8,2017,60.7721083
11,8,2017,51.6722738
12,8,2017,53.9366515
13,8,2017,59.2501334
14,8,2017,60.6839935
15,8,2017,55.0393849
16,8,2017,52.5462213
17,8,2017,54.6804929
18,8,2017,59.1176483
19,8,2017,52.8516717
20,8,2017,55.6485141
21,8,2017,57.2864473
22,8,2017,55.3192974
23,8,2017,57.9618741
24,8,2017,59.2644119
25,8,2017,57.9806594
26,8,2017,62.1536349
27,8,2017,61.6336738
28,8,2017,64.0998056
29,8,2017,64.5234987
30,8,2017,58.585623
31,8,2017,60.8923588
1,9,2017,63.6547795
2,9,2017,66.75962
3,9,2017,55.1035522
4,9,2017,58.8637281
5,9,2017,68.6252725
6,9,2017,67.1336607
7,9,2017,56.8843985
8,9,2017,56.5051756
9,9,2017,56.0985184
10,9,2017,56.6167828
11,9,2017,58.446929
12,9,2017,56.5856008
13,9,2017,58.1669533
14,9,2017,57.6268896
15,9,2017,59.029453
16,9,2017,58.0539053
17,9,2017,60.9206332
18,9,2017,59.8085051
19,9,2017,61.4885963
20,9,2017,61.6616555
21,9,2017,67.6747571
22,9,2017,66.7279334
23,9,2017,78.9584414
24,9,2017,79.6052394
25,9,2017,93.4451653
26,9,2017,88.7047408
27,9,2017,101.663479
28,9,2017,98.3066823
29,9,2017,133.407868
30,9,2017,116.453116
1,10,2017,157.114068
2,10,2017,153.929299
3,10,2017,271.80606
4,10,2017,355.226786
5,10,2017,350.328432
6,10,2017,255.66948
7,10,2017,579.008248
8,10,2017,91.4693512
9,10,2017,72.1674998
10,10,2017,102.836915
11,10,2017,71.7207065
12,10,2017,60.1113158
13,10,2017,77.2905989
14,10,2017,80.370685
15,10,2017,89.8486468
16,10,2017,84.9015795
17,10,2017,97.5428744
18,10,2017,93.9403692
19,10,2017,122.674876
20,10,2017,111.562297
21,10,2017,118.616864
22,10,2017,112.101582
23,10,2017,61.3195648
24,10,2017,87.6266056
25,10,2017,114.275553
26,10,2017,107.132373
27,10,2017,136.776291
28,10,2017,134.651387
29,10,2017,64.0780724
30,10,2017,59.7417219
31,10,2017,62.0698165
1,11,2017,63.0786069
2,11,2017,68.1021983
3,11,2017,68.4325918
4,11,2017,64.0638991
5,11,2017,58.7179003
6,11,2017,65.3654333
7,11,2017,60.2626851
8,11,2017,57.1135704
9,11,2017,56.1471349
10,11,2017,55.6152985
11,11,2017,56.0676414
12,11,2017,56.2615332
13,11,2017,57.1026029
14,11,2017,55.527211
15,11,2017,56.8864163
16,11,2017,57.1680313
17,11,2017,56.1917456
18,11,2017,57.2387361
19,11,2017,54.9754416
20,11,2017,57.5633552
21,11,2017,56.7208189
22,11,2017,59.1045351
23,11,2017,59.2624801
24,11,2017,61.3243241
25,11,2017,60.6765844
26,11,2017,62.997033
27,11,2017,62.3822486
28,11,2017,65.8784221
29,11,2017,66.0350265
30,11,2017,68.526693